level_0,index,year,state,state_po,state_fips,state_cen,state_ic,office,candidate,party_detailed,writein,candidatevotes,totalvotes,version,notes,party_simplified,rank,second_candidate_votes,margin,relative_margin
630,2106,2000,FLORIDA,FL,12,59,43,US PRESIDENT,"BUSH, GEORGE W.",REPUBLICAN,False,2912790,5963110,20210113,,REPUBLICAN,1.0,2912253.0,537.0,9.005368004279646e-05
674,2266,2000,NEW MEXICO,NM,35,85,66,US PRESIDENT,"GORE, AL",DEMOCRAT,False,286783,598605,20210113,,DEMOCRAT,1.0,286417.0,366.0,0.0006114215551156439
866,2907,2008,MISSOURI,MO,29,43,34,US PRESIDENT,"MCCAIN, JOHN",REPUBLICAN,False,1445814,2925205,20210113,,REPUBLICAN,1.0,1441911.0,3903.0,0.0013342654617368697
144,479,1980,MASSACHUSETTS,MA,25,14,3,US PRESIDENT,"REAGAN, RONALD",REPUBLICAN,False,1057631,2524090,20210113,,REPUBLICAN,1.0,1053802.0,3829.0,0.001516982357998328
74,241,1976,OREGON,OR,41,92,72,US PRESIDENT,"FORD, GERALD",REPUBLICAN,False,492120,1029876,20210113,,REPUBLICAN,1.0,490407.0,1713.0,0.0016633070389056547
250,840,1984,MINNESOTA,MN,27,41,33,US PRESIDENT,"MONDALE, WALTER",DEMOCRAT,False,1036364,2084449,20210113,,DEMOCRAT,1.0,1032603.0,3761.0,0.0018043137538985123
710,2398,2000,WISCONSIN,WI,55,35,25,US PRESIDENT,"GORE, AL",DEMOCRAT,False,1242987,2598607,20210113,,DEMOCRAT,1.0,1237279.0,5708.0,0.002196561465431287
1064,3551,2016,MICHIGAN,MI,26,34,23,US PRESIDENT,"TRUMP, DONALD J.",REPUBLICAN,False,2279543,4799284,20210113,,REPUBLICAN,1.0,2268839.0,10704.0,0.002230332691293118
70,228,1976,OHIO,OH,39,31,24,US PRESIDENT,"CARTER, JIMMY",DEMOCRAT,False,2009959,4110456,20210113,,DEMOCRAT,1.0,2000626.0,9333.0,0.002270551004560078
1142,3878,2020,GEORGIA,GA,13,58,44,US PRESIDENT,"BIDEN, JOSEPH R. JR",DEMOCRAT,False,2473633,4999960,20210113,,DEMOCRAT,1.0,2461854.0,11779.0,0.0023558188465507726
186,628,1980,TENNESSEE,TN,47,62,54,US PRESIDENT,"REAGAN, RONALD",REPUBLICAN,False,787761,1617616,20210113,,REPUBLICAN,1.0,783051.0,4710.0,0.002911692268127912
642,2147,2000,IOWA,IA,19,42,31,US PRESIDENT,"GORE, AL",DEMOCRAT,False,638517,1353022,20210113,,DEMOCRAT,1.0,634373.0,4144.0,0.0030627735543102773
1126,3752,2020,ARIZONA,AZ,4,86,61,US PRESIDENT,"BIDEN, JOSEPH R. JR",DEMOCRAT,False,1672143,3387326,20210113,,DEMOCRAT,1.0,1661686.0,10457.0,0.0030870958390187423
882,2965,2008,NORTH CAROLINA,NC,37,56,47,US PRESIDENT,"OBAMA, BARACK H.",DEMOCRAT,False,2142651,4310851,20210113,,DEMOCRAT,1.0,2128474.0,14177.0,0.003288677803988122
1078,3597,2016,NEW HAMPSHIRE,NH,33,12,4,US PRESIDENT,"CLINTON, HILLARY",DEMOCRAT,False,348526,744296,20210113,,DEMOCRAT,1.0,345790.0,2736.0,0.0036759568773713685
812,2716,2004,WISCONSIN,WI,55,35,25,US PRESIDENT,"KERRY, JOHN",DEMOCRAT,False,1489504,2997007,20210113,,DEMOCRAT,1.0,1478120.0,11384.0,0.0037984562598619223
686,2306,2000,OREGON,OR,41,92,72,US PRESIDENT,"GORE, AL",DEMOCRAT,False,720342,1533950,20210113,,DEMOCRAT,1.0,713577.0,6765.0,0.004410182861240588
428,1373,1992,GEORGIA,GA,13,58,44,US PRESIDENT,"CLINTON, BILL",DEMOCRAT,False,1008966,2321133,20210113,,DEMOCRAT,1.0,995252.0,13714.0,0.0059083214964416085
108,355,1980,ARKANSAS,AR,5,71,42,US PRESIDENT,"REAGAN, RONALD",REPUBLICAN,False,403164,837582,20210113,,REPUBLICAN,1.0,398041.0,5123.0,0.006116416064337582
1220,4267,2020,WISCONSIN,WI,55,35,25,US PRESIDENT,"BIDEN, JOSEPH R. JR",DEMOCRAT,False,1630866,3298041,20210113,,DEMOCRAT,1.0,1610184.0,20682.0,0.006270995418189162
744,2501,2004,IOWA,IA,19,42,31,US PRESIDENT,"BUSH, GEORGE W.",REPUBLICAN,False,751957,1506908,20210113,,REPUBLICAN,1.0,741898.0,10059.0,0.006675258210852952
1096,3658,2016,PENNSYLVANIA,PA,42,23,14,US PRESIDENT,"TRUMP, DONALD J.",REPUBLICAN,False,2970733,6115402,20210113,,REPUBLICAN,1.0,2926441.0,44292.0,0.007242696391831641
1118,3723,2016,WISCONSIN,WI,55,35,25,US PRESIDENT,"TRUMP, DONALD J.",REPUBLICAN,False,1405284,2976150,20210113,,REPUBLICAN,1.0,1382536.0,22748.0,0.0076434319506745296
474,1555,1992,NORTH CAROLINA,NC,37,56,47,US PRESIDENT,"BUSH, GEORGE H.W.",REPUBLICAN,False,1134661,2611850,20210113,,REPUBLICAN,1.0,1114042.0,20619.0,0.007894404349407509
776,2609,2004,NEW MEXICO,NM,35,85,66,US PRESIDENT,"BUSH, GEORGE W.",REPUBLICAN,False,376930,756304,20210113,,REPUBLICAN,1.0,370942.0,5988.0,0.007917451183651019
38,118,1976,MAINE,ME,23,11,2,US PRESIDENT,"FORD, GERALD",REPUBLICAN,False,236320,482968,20210113,,REPUBLICAN,1.0,232279.0,4041.0,0.008367013963658047
936,3135,2012,FLORIDA,FL,12,59,43,US PRESIDENT,"OBAMA, BARACK H.",DEMOCRAT,False,4237756,8474179,20210113,,DEMOCRAT,1.0,4163447.0,74309.0,0.008768873067231646
544,1800,1996,KENTUCKY,KY,21,61,51,US PRESIDENT,"CLINTON, BILL",DEMOCRAT,False,636614,1388708,20210113,,DEMOCRAT,1.0,623283.0,13331.0,0.009599570248029104
30,84,1976,IOWA,IA,19,42,31,US PRESIDENT,"FORD, GERALD",REPUBLICAN,False,632864,1279303,20210113,,REPUBLICAN,1.0,619931.0,12933.0,0.010109411140284984
566,1882,1996,NEVADA,NV,32,88,65,US PRESIDENT,"CLINTON, BILL",DEMOCRAT,False,203974,464279,20210113,,DEMOCRAT,1.0,199244.0,4730.0,0.010187839639527095
844,2831,2008,INDIANA,IN,18,32,22,US PRESIDENT,"OBAMA, BARACK H.",DEMOCRAT,False,1374039,2751054,20210113,,DEMOCRAT,1.0,1345648.0,28391.0,0.010320044608357379
1198,4171,2020,PENNSYLVANIA,PA,42,23,14,US PRESIDENT,"BIDEN, JOSEPH R. JR",DEMOCRAT,False,3458229,6915283,20210113,,DEMOCRAT,1.0,3377674.0,80555.0,0.01164883635275664
530,1756,1996,GEORGIA,GA,13,58,44,US PRESIDENT,"DOLE, ROBERT",REPUBLICAN,False,1080843,2298899,20210113,,REPUBLICAN,1.0,1053849.0,26994.0,0.01174214265176504
1038,3467,2016,FLORIDA,FL,12,59,43,US PRESIDENT,"TRUMP, DONALD J.",REPUBLICAN,False,4617886,9420039,20210113,,REPUBLICAN,1.0,4504975.0,112911.0,0.011986256107856879
72,238,1976,OKLAHOMA,OK,40,73,53,US PRESIDENT,"FORD, GERALD",REPUBLICAN,False,545708,1092251,20210113,,REPUBLICAN,1.0,532442.0,13266.0,0.012145559949132571
466,1515,1992,NEW HAMPSHIRE,NH,33,12,4,US PRESIDENT,"CLINTON, BILL",DEMOCRAT,False,209040,537215,20210113,,DEMOCRAT,1.0,202484.0,6556.0,0.012203680090838864
182,618,1980,SOUTH CAROLINA,SC,45,57,48,US PRESIDENT,"REAGAN, RONALD",REPUBLICAN,False,439277,888258,20210113,,REPUBLICAN,1.0,428220.0,11057.0,0.012447959939567108
670,2256,2000,NEW HAMPSHIRE,NH,33,12,4,US PRESIDENT,"BUSH, GEORGE W.",REPUBLICAN,False,273559,569081,20210113,,REPUBLICAN,1.0,266348.0,7211.0,0.012671306896557783
102,332,1980,ALABAMA,AL,1,63,41,US PRESIDENT,"REAGAN, RONALD",REPUBLICAN,False,654192,1341929,20210113,,REPUBLICAN,1.0,636730.0,17462.0,0.013012610950355793
150,504,1980,MISSISSIPPI,MS,28,64,46,US PRESIDENT,"REAGAN, RONALD",REPUBLICAN,False,441089,891750,20210113,,REPUBLICAN,1.0,429281.0,11808.0,0.013241379310344827
92,301,1976,VIRGINIA,VA,51,54,40,US PRESIDENT,"FORD, GERALD",REPUBLICAN,False,836554,1697094,20210113,,REPUBLICAN,1.0,813896.0,22658.0,0.013351057749305577
1188,4137,2020,NORTH CAROLINA,NC,37,56,47,US PRESIDENT,"TRUMP, DONALD J.",REPUBLICAN,False,2758773,5524802,20210113,,REPUBLICAN,1.0,2684292.0,74481.0,0.01348120710932265
772,2601,2004,NEW HAMPSHIRE,NH,33,12,4,US PRESIDENT,"KERRY, JOHN",DEMOCRAT,False,340511,678287,20210113,,DEMOCRAT,1.0,331237.0,9274.0,0.013672678379506021
520,1716,1996,COLORADO,CO,8,84,62,US PRESIDENT,"DOLE, ROBERT",REPUBLICAN,False,691848,1510702,20210113,,REPUBLICAN,1.0,671152.0,20696.0,0.013699591315825358
136,453,1980,KENTUCKY,KY,21,61,51,US PRESIDENT,"REAGAN, RONALD",REPUBLICAN,False,635274,1295627,20210113,,REPUBLICAN,1.0,617417.0,17857.0,0.01378251610996066
166,557,1980,NEW YORK,NY,36,21,13,US PRESIDENT,"CARTER, JIMMY",DEMOCRAT,False,2728372,6201959,20210113,,DEMOCRAT,1.0,2637700.0,90672.0,0.014619896713280433
82,265,1976,SOUTH DAKOTA,SD,46,45,37,US PRESIDENT,"FORD, GERALD",REPUBLICAN,False,151505,300678,20210113,,REPUBLICAN,1.0,147068.0,4437.0,0.014756649971065391
1066,3558,2016,MINNESOTA,MN,27,41,33,US PRESIDENT,"CLINTON, HILLARY",DEMOCRAT,False,1367705,2944782,20210113,,DEMOCRAT,1.0,1322949.0,44756.0,0.015198408574896207
400,1286,1988,WASHINGTON,WA,53,91,73,US PRESIDENT,"DUKAKIS, MICHAEL",DEMOCRAT,False,933516,1865253,20210113,,DEMOCRAT,1.0,903835.0,29681.0,0.01591258665714517
98,320,1976,WISCONSIN,WI,55,35,25,US PRESIDENT,"CARTER, JIMMY",DEMOCRAT,False,1040232,2101336,20210113,,DEMOCRAT,1.0,1004987.0,35245.0,0.016772662725047304
8,23,1976,CALIFORNIA,CA,6,93,71,US PRESIDENT,"FORD, GERALD",REPUBLICAN,False,3882244,7803770,20210113,,REPUBLICAN,1.0,3742284.0,139960.0,0.01793492119834388
478,1566,1992,OHIO,OH,39,31,24,US PRESIDENT,"CLINTON, BILL",DEMOCRAT,False,1984942,4939967,20210113,,DEMOCRAT,1.0,1894310.0,90632.0,0.018346681263255404
48,153,1976,MISSISSIPPI,MS,28,64,46,US PRESIDENT,"CARTER, JIMMY",DEMOCRAT,False,381329,768390,20210113,,DEMOCRAT,1.0,366846.0,14483.0,0.018848501412043365
124,406,1980,HAWAII,HI,15,95,82,US PRESIDENT,"CARTER, JIMMY",DEMOCRAT,False,135879,303287,20210113,,DEMOCRAT,1.0,130112.0,5767.0,0.01901499239993801
426,1368,1992,FLORIDA,FL,12,59,43,US PRESIDENT,"BUSH, GEORGE H.W.",REPUBLICAN,False,2173310,5313392,20210113,,REPUBLICAN,1.0,2071698.0,101612.0,0.019123753715140912
412,1320,1992,ARIZONA,AZ,4,86,61,US PRESIDENT,"BUSH, GEORGE H.W.",REPUBLICAN,False,572086,1486975,20210113,,REPUBLICAN,1.0,543050.0,29036.0,0.0195268918441803
602,2011,1996,VIRGINIA,VA,51,54,40,US PRESIDENT,"DOLE, ROBERT",REPUBLICAN,False,1138350,2416642,20210113,,REPUBLICAN,1.0,1091060.0,47290.0,0.019568475595475043
26,70,1976,ILLINOIS,IL,17,33,21,US PRESIDENT,"FORD, GERALD",REPUBLICAN,False,2364269,4721282,20210113,,REPUBLICAN,1.0,2271295.0,92974.0,0.019692532663797672
984,3292,2012,NORTH CAROLINA,NC,37,56,47,US PRESIDENT,"ROMNEY, MITT",REPUBLICAN,False,2270395,4505372,20210113,,REPUBLICAN,1.0,2178391.0,92004.0,0.020420955250753988
332,1089,1988,ILLINOIS,IL,17,33,21,US PRESIDENT,"BUSH, GEORGE H.W.",REPUBLICAN,False,2310939,4559120,20210113,,REPUBLICAN,1.0,2215940.0,94999.0,0.020837135236624612
784,2635,2004,OHIO,OH,39,31,24,US PRESIDENT,"BUSH, GEORGE W.",REPUBLICAN,False,2859764,5627903,20210113,,REPUBLICAN,1.0,2741165.0,118599.0,0.0210733909237597
168,568,1980,NORTH CAROLINA,NC,37,56,47,US PRESIDENT,"REAGAN, RONALD",REPUBLICAN,False,915018,1855833,20210113,,REPUBLICAN,1.0,875635.0,39383.0,0.021221198243591963
60,185,1976,NEW JERSEY,NJ,34,22,12,US PRESIDENT,"FORD, GERALD",REPUBLICAN,False,1509688,3014472,20210113,,REPUBLICAN,1.0,1444653.0,65035.0,0.02157425910739924
514,1688,1996,ARIZONA,AZ,4,86,61,US PRESIDENT,"CLINTON, BILL",DEMOCRAT,False,653288,1404405,20210113,,DEMOCRAT,1.0,622073.0,31215.0,0.022226494494109607
868,2913,2008,MONTANA,MT,30,81,64,US PRESIDENT,"MCCAIN, JOHN",REPUBLICAN,False,242763,490109,20210113,,REPUBLICAN,1.0,231667.0,11096.0,0.022639861745040388
382,1231,1988,PENNSYLVANIA,PA,42,23,14,US PRESIDENT,"BUSH, GEORGE H.W.",REPUBLICAN,False,2300087,4536251,20210113,,REPUBLICAN,1.0,2194944.0,105143.0,0.023178391142818156
116,383,1980,DELAWARE,DE,10,51,11,US PRESIDENT,"REAGAN, RONALD",REPUBLICAN,False,111252,235668,20210113,,REPUBLICAN,1.0,105754.0,5498.0,0.023329429536466554
468,1521,1992,NEW JERSEY,NJ,34,22,12,US PRESIDENT,"CLINTON, BILL",DEMOCRAT,False,1436206,3343594,20210113,,DEMOCRAT,1.0,1356865.0,79341.0,0.023729256602326717
1178,4073,2020,NEVADA,NV,32,88,65,US PRESIDENT,"BIDEN, JOSEPH R. JR",DEMOCRAT,False,703486,1405376,20210113,,DEMOCRAT,1.0,669890.0,33596.0,0.02390534632724623
658,2210,2000,MINNESOTA,MN,27,41,33,US PRESIDENT,"GORE, AL",DEMOCRATIC-FARMER-LABOR,False,1168266,2438685,20210113,,DEMOCRAT,1.0,1109659.0,58607.0,0.02403221408258959
594,1976,1996,TENNESSEE,TN,47,62,54,US PRESIDENT,"CLINTON, BILL",DEMOCRAT,False,909146,1894105,20210113,,DEMOCRAT,1.0,863530.0,45616.0,0.02408314217004865
1076,3591,2016,NEVADA,NV,32,88,65,US PRESIDENT,"CLINTON, HILLARY",DEMOCRAT,False,539260,1125385,20210113,,DEMOCRAT,1.0,512058.0,27202.0,0.02417128360516623
62,197,1976,NEW MEXICO,NM,35,85,66,US PRESIDENT,"FORD, GERALD",REPUBLICAN,False,211419,416590,20210113,,REPUBLICAN,1.0,201148.0,10271.0,0.02465493650831753
790,2647,2004,PENNSYLVANIA,PA,42,23,14,US PRESIDENT,"KERRY, JOHN",DEMOCRAT,False,2938095,5769590,20210113,,DEMOCRAT,1.0,2793847.0,144248.0,0.02500142991096421
460,1496,1992,MONTANA,MT,30,81,64,US PRESIDENT,"CLINTON, BILL",DEMOCRAT,False,154507,410583,20210113,,DEMOCRAT,1.0,144207.0,10300.0,0.02508627975342379
22,62,1976,HAWAII,HI,15,95,82,US PRESIDENT,"CARTER, JIMMY",DEMOCRAT,False,147375,291301,20210113,,DEMOCRAT,1.0,140003.0,7372.0,0.02530715651508234
770,2594,2004,NEVADA,NV,32,88,65,US PRESIDENT,"BUSH, GEORGE W.",REPUBLICAN,False,418690,829587,20210113,,REPUBLICAN,1.0,397190.0,21500.0,0.025916510263540773
464,1506,1992,NEVADA,NV,32,88,65,US PRESIDENT,"CLINTON, BILL",DEMOCRAT,False,189148,506318,20210113,,DEMOCRAT,1.0,175828.0,13320.0,0.026307577451325056
76,246,1976,PENNSYLVANIA,PA,42,23,14,US PRESIDENT,"CARTER, JIMMY",DEMOCRAT,False,2328677,4620787,20210113,,DEMOCRAT,1.0,2205604.0,123073.0,0.026634640376195656
1166,4020,2020,MICHIGAN,MI,26,34,23,US PRESIDENT,"BIDEN, JOSEPH R. JR",DEMOCRAT,False,2804040,5539302,20210113,,DEMOCRAT,1.0,2649852.0,154188.0,0.027835275996867477
246,825,1984,MASSACHUSETTS,MA,25,14,3,US PRESIDENT,"REAGAN, RONALD",REPUBLICAN,False,1310936,2559383,20210113,,REPUBLICAN,1.0,1239606.0,71330.0,0.027869998355072298
834,2790,2008,FLORIDA,FL,12,59,43,US PRESIDENT,"OBAMA, BARACK H.",DEMOCRAT,False,4282074,8390744,20210113,,DEMOCRAT,1.0,4045624.0,236450.0,0.028179861046886905
1058,3529,2016,MAINE,ME,23,11,2,US PRESIDENT,"CLINTON, HILLARY",DEMOCRAT,False,357735,771892,20210113,,DEMOCRAT,1.0,335593.0,22142.0,0.02868536012810082
562,1871,1996,MONTANA,MT,30,81,64,US PRESIDENT,"DOLE, ROBERT",REPUBLICAN,False,179652,407083,20210113,,REPUBLICAN,1.0,167922.0,11730.0,0.028814762591412562
346,1126,1988,MARYLAND,MD,24,52,52,US PRESIDENT,"BUSH, GEORGE H.W.",REPUBLICAN,False,876167,1714358,20210113,,REPUBLICAN,1.0,826304.0,49863.0,0.029085523560423203
142,475,1980,MARYLAND,MD,24,52,52,US PRESIDENT,"CARTER, JIMMY",DEMOCRAT,False,726161,1540496,20210113,,DEMOCRAT,1.0,680606.0,45555.0,0.029571644457369574
988,3302,2012,OHIO,OH,39,31,24,US PRESIDENT,"OBAMA, BARACK H.",DEMOCRAT,False,2827621,5580822,20210113,,DEMOCRAT,1.0,2661407.0,166214.0,0.02978306779897298
86,281,1976,TEXAS,TX,48,74,49,US PRESIDENT,"CARTER, JIMMY",DEMOCRAT,False,2082319,4071884,20210113,,DEMOCRAT,1.0,1953300.0,129019.0,0.03168533288276385
442,1424,1992,KENTUCKY,KY,21,61,51,US PRESIDENT,"CLINTON, BILL",DEMOCRAT,False,665104,1492900,20210113,,DEMOCRAT,1.0,617178.0,47926.0,0.03210261906356755
662,2226,2000,MISSOURI,MO,29,43,34,US PRESIDENT,"BUSH, GEORGE W.",REPUBLICAN,False,1189924,2359892,20210113,,REPUBLICAN,1.0,1111138.0,78786.0,0.03338542611272041
140,468,1980,MAINE,ME,23,11,2,US PRESIDENT,"REAGAN, RONALD",REPUBLICAN,False,238522,523011,20210113,,REPUBLICAN,1.0,220974.0,17548.0,0.03355187558196673
1140,3850,2020,FLORIDA,FL,12,59,43,US PRESIDENT,"TRUMP, DONALD J.",REPUBLICAN,False,5668731,11067456,20210113,,REPUBLICAN,1.0,5297045.0,371686.0,0.033583688970617996
758,2552,2004,MICHIGAN,MI,26,34,23,US PRESIDENT,"KERRY, JOHN",DEMOCRAT,False,2479183,4839252,20210113,,DEMOCRAT,1.0,2313746.0,165437.0,0.034186481712463
592,1972,1996,SOUTH DAKOTA,SD,46,45,37,US PRESIDENT,"DOLE, ROBERT",REPUBLICAN,False,150543,323826,20210113,,REPUBLICAN,1.0,139333.0,11210.0,0.03461735623452101
760,2559,2004,MINNESOTA,MN,27,41,33,US PRESIDENT,"KERRY, JOHN",DEMOCRATIC-FARMER-LABOR,False,1445014,2828387,20210113,,DEMOCRAT,1.0,1346695.0,98319.0,0.0347615089448509
494,1611,1992,TEXAS,TX,48,74,49,US PRESIDENT,"BUSH, GEORGE H.W.",REPUBLICAN,False,2496071,6154018,20210113,,REPUBLICAN,1.0,2281815.0,214256.0,0.03481562777359442
396,1272,1988,VERMONT,VT,50,13,6,US PRESIDENT,"BUSH, GEORGE H.W.",REPUBLICAN,False,124331,243328,20210113,,REPUBLICAN,1.0,115775.0,8556.0,0.035162414518674384
490,1601,1992,SOUTH DAKOTA,SD,46,45,37,US PRESIDENT,"BUSH, GEORGE H.W.",REPUBLICAN,False,136718,336254,20210113,,REPUBLICAN,1.0,124888.0,11830.0,0.03518173761501722
668,2246,2000,NEVADA,NV,32,88,65,US PRESIDENT,"BUSH, GEORGE W.",REPUBLICAN,False,301575,609426,20210113,,REPUBLICAN,1.0,279978.0,21597.0,0.0354382648590641
1024,3407,2016,ARIZONA,AZ,4,86,61,US PRESIDENT,"TRUMP, DONALD J.",REPUBLICAN,False,1252401,2573165,20210113,,REPUBLICAN,1.0,1161167.0,91234.0,0.03545594627627843
682,2297,2000,OHIO,OH,39,31,24,US PRESIDENT,"BUSH, GEORGE W.",REPUBLICAN,False,2350363,4701998,20210113,,REPUBLICAN,1.0,2183628.0,166735.0,0.03546045744808909
314,1041,1988,CALIFORNIA,CA,6,93,71,US PRESIDENT,"BUSH, GEORGE H.W.",REPUBLICAN,False,5054917,9887065,20210113,,REPUBLICAN,1.0,4702233.0,352684.0,0.035671253299133766
404,1296,1988,WISCONSIN,WI,55,35,25,US PRESIDENT,"DUKAKIS, MICHAEL",DEMOCRAT,False,1126794,2191608,20210113,,DEMOCRAT,1.0,1047499.0,79295.0,0.036181196637354855
50,160,1976,MISSOURI,MO,29,43,34,US PRESIDENT,"CARTER, JIMMY",DEMOCRAT,False,998387,1953600,20210113,,DEMOCRAT,1.0,927443.0,70944.0,0.03631449631449631
282,938,1984,RHODE ISLAND,RI,44,15,5,US PRESIDENT,"REAGAN, RONALD",REPUBLICAN,False,212080,410489,20210113,,REPUBLICAN,1.0,197106.0,14974.0,0.036478444002153526
1086,3633,2016,NORTH CAROLINA,NC,37,56,47,US PRESIDENT,"TRUMP, DONALD J.",REPUBLICAN,False,2362631,4741564,20210113,,REPUBLICAN,1.0,2189316.0,173315.0,0.0365522852797094
696,2343,2000,TENNESSEE,TN,47,62,54,US PRESIDENT,"BUSH, GEORGE W.",REPUBLICAN,False,1061949,2076181,20210113,,REPUBLICAN,1.0,981720.0,80229.0,0.03864258463014544
1010,3364,2012,VIRGINIA,VA,51,54,40,US PRESIDENT,"OBAMA, BARACK H.",DEMOCRAT,False,1971820,3854489,20210113,,DEMOCRAT,1.0,1822522.0,149298.0,0.038733538998295236
94,307,1976,WASHINGTON,WA,53,91,73,US PRESIDENT,"FORD, GERALD",REPUBLICAN,False,777732,1555534,20210113,,REPUBLICAN,1.0,717323.0,60409.0,0.03883489528354893
148,493,1980,MINNESOTA,MN,27,41,33,US PRESIDENT,"CARTER, JIMMY",DEMOCRAT,False,954173,2051916,20210113,,DEMOCRAT,1.0,873268.0,80905.0,0.039429001966942115
356,1157,1988,MISSOURI,MO,29,43,34,US PRESIDENT,"BUSH, GEORGE H.W.",REPUBLICAN,False,1084953,2093228,20210113,,REPUBLICAN,1.0,1001619.0,83334.0,0.03981123890947379
788,2641,2004,OREGON,OR,41,92,72,US PRESIDENT,"KERRY, JOHN",DEMOCRAT,False,943163,1836782,20210113,,DEMOCRAT,1.0,866831.0,76332.0,0.04155746299778634
688,2314,2000,PENNSYLVANIA,PA,42,23,14,US PRESIDENT,"GORE, AL",DEMOCRAT,False,2485967,4912185,20210113,,DEMOCRAT,1.0,2281127.0,204840.0,0.041700383841406626
488,1595,1992,SOUTH CAROLINA,SC,45,57,48,US PRESIDENT,"BUSH, GEORGE H.W.",REPUBLICAN,False,577507,1228912,20210113,,REPUBLICAN,1.0,525514.0,51993.0,0.04230815550665955
418,1339,1992,COLORADO,CO,8,84,62,US PRESIDENT,"CLINTON, BILL",DEMOCRAT,False,629681,1569180,20210113,,DEMOCRAT,1.0,562850.0,66831.0,0.04258976025694949
506,1660,1992,WISCONSIN,WI,55,35,25,US PRESIDENT,"CLINTON, BILL",DEMOCRAT,False,1041066,2531064,20210113,,DEMOCRAT,1.0,930855.0,110211.0,0.04354334777785153
56,172,1976,NEVADA,NV,32,88,65,US PRESIDENT,"FORD, GERALD",REPUBLICAN,False,101273,201876,20210113,,REPUBLICAN,1.0,92479.0,8794.0,0.04356139412312509
500,1640,1992,VIRGINIA,VA,51,54,40,US PRESIDENT,"BUSH, GEORGE H.W.",REPUBLICAN,False,1150517,2559129,20210113,,REPUBLICAN,1.0,1038650.0,111867.0,0.04371291951284988
198,677,1980,WEST VIRGINIA,WV,54,55,56,US PRESIDENT,"CARTER, JIMMY",DEMOCRAT,False,367462,737715,20210113,,DEMOCRAT,1.0,334206.0,33256.0,0.04507973946578286
886,2975,2008,OHIO,OH,39,31,24,US PRESIDENT,"OBAMA, BARACK H.",DEMOCRAT,False,2940044,5708350,20210113,,DEMOCRAT,1.0,2677820.0,262224.0,0.04593691697250519
444,1432,1992,LOUISIANA,LA,22,72,45,US PRESIDENT,"CLINTON, BILL",DEMOCRAT,False,815971,1790017,20210113,,DEMOCRAT,1.0,733386.0,82585.0,0.04613643334113587
492,1606,1992,TENNESSEE,TN,47,62,54,US PRESIDENT,"CLINTON, BILL",DEMOCRAT,False,933521,1982638,20210113,,DEMOCRAT,1.0,841300.0,92221.0,0.04651429055631941
380,1226,1988,OREGON,OR,41,92,72,US PRESIDENT,"DUKAKIS, MICHAEL",DEMOCRAT,False,616206,1201694,20210113,,DEMOCRAT,1.0,560126.0,56080.0,0.046667454443477294
724,2439,2004,COLORADO,CO,8,84,62,US PRESIDENT,"BUSH, GEORGE W.",REPUBLICAN,False,1101255,2129630,20210113,,REPUBLICAN,1.0,1001732.0,99523.0,0.046732531003038084
576,1918,1996,NORTH CAROLINA,NC,37,56,47,US PRESIDENT,"DOLE, ROBERT",REPUBLICAN,False,1225938,2515807,20210113,,REPUBLICAN,1.0,1107849.0,118089.0,0.04693881525888115
200,681,1980,WISCONSIN,WI,55,35,25,US PRESIDENT,"REAGAN, RONALD",REPUBLICAN,False,1088845,2273221,20210113,,REPUBLICAN,1.0,981584.0,107261.0,0.047184589619751006
402,1293,1988,WEST VIRGINIA,WV,54,55,56,US PRESIDENT,"DUKAKIS, MICHAEL",DEMOCRAT,False,341016,653311,20210113,,DEMOCRAT,1.0,310065.0,30951.0,0.04737559906384555
1030,3431,2016,COLORADO,CO,8,84,62,US PRESIDENT,"CLINTON, HILLARY",DEMOCRAT,False,1338870,2780220,20210113,,DEMOCRAT,1.0,1202484.0,136386.0,0.049055830114163625
596,1980,1996,TEXAS,TX,48,74,49,US PRESIDENT,"DOLE, ROBERT",REPUBLICAN,False,2736167,5611644,20210113,,REPUBLICAN,1.0,2459683.0,276484.0,0.049269697079857525
368,1187,1988,NEW MEXICO,NM,35,85,66,US PRESIDENT,"BUSH, GEORGE H.W.",REPUBLICAN,False,270341,521387,20210113,,REPUBLICAN,1.0,244497.0,25844.0,0.04956778745921935
732,2472,2004,FLORIDA,FL,12,59,43,US PRESIDENT,"BUSH, GEORGE W.",REPUBLICAN,False,3964522,7609810,20210113,,REPUBLICAN,1.0,3583544.0,380978.0,0.050064062046227174
318,1052,1988,CONNECTICUT,CT,9,16,1,US PRESIDENT,"BUSH, GEORGE H.W.",REPUBLICAN,False,750241,1443394,20210113,,REPUBLICAN,1.0,676584.0,73657.0,0.05103041858286788
650,2180,2000,MAINE,ME,23,11,2,US PRESIDENT,"GORE, AL",DEMOCRAT,False,319951,651817,20210113,,DEMOCRAT,1.0,286616.0,33335.0,0.0511416547896112
558,1858,1996,MISSISSIPPI,MS,28,64,46,US PRESIDENT,"DOLE, ROBERT",REPUBLICAN,False,439838,893857,20210113,,REPUBLICAN,1.0,394022.0,45816.0,0.05125652089763799
1040,3474,2016,GEORGIA,GA,13,58,44,US PRESIDENT,"TRUMP, DONALD J.",REPUBLICAN,False,2089104,4114732,20210113,,REPUBLICAN,1.0,1877963.0,211141.0,0.051313426974101836
656,2203,2000,MICHIGAN,MI,26,34,23,US PRESIDENT,"GORE, AL",DEMOCRAT,False,2170418,4232501,20210113,,DEMOCRAT,1.0,1953139.0,217279.0,0.05133584138550706
440,1419,1992,KANSAS,KS,20,47,32,US PRESIDENT,"BUSH, GEORGE H.W.",REPUBLICAN,False,449951,1157236,20210113,,REPUBLICAN,1.0,390434.0,59517.0,0.051430304622393355
12,38,1976,CONNECTICUT,CT,9,16,1,US PRESIDENT,"FORD, GERALD",REPUBLICAN,False,719261,1386355,20210113,,REPUBLICAN,1.0,647895.0,71366.0,0.051477435433204335
836,2804,2008,GEORGIA,GA,13,58,44,US PRESIDENT,"MCCAIN, JOHN",REPUBLICAN,False,2048759,3924486,20210113,,REPUBLICAN,1.0,1844123.0,204636.0,0.05214338896864456
18,55,1976,FLORIDA,FL,12,59,43,US PRESIDENT,"CARTER, JIMMY",DEMOCRAT,False,1636000,3150631,20210113,,DEMOCRAT,1.0,1469531.0,166469.0,0.05283671747024644
1112,3704,2016,VIRGINIA,VA,51,54,40,US PRESIDENT,"CLINTON, HILLARY",DEMOCRAT,False,1981473,3982752,20210113,,DEMOCRAT,1.0,1769443.0,212030.0,0.053237058194936564
928,3105,2012,COLORADO,CO,8,84,62,US PRESIDENT,"OBAMA, BARACK H.",DEMOCRAT,False,1323101,2569516,20210113,,DEMOCRAT,1.0,1185243.0,137858.0,0.05365134912567192
14,43,1976,DELAWARE,DE,10,51,11,US PRESIDENT,"CARTER, JIMMY",DEMOCRAT,False,122461,235642,20210113,,DEMOCRAT,1.0,109780.0,12681.0,0.05381468498824488
44,133,1976,MICHIGAN,MI,26,34,23,US PRESIDENT,"FORD, GERALD",REPUBLICAN,False,1893742,3651590,20210113,,REPUBLICAN,1.0,1696714.0,197028.0,0.05395676951684061
994,3319,2012,PENNSYLVANIA,PA,42,23,14,US PRESIDENT,"OBAMA, BARACK H.",DEMOCRAT,False,2990274,5742040,20210113,,DEMOCRAT,1.0,2680434.0,309840.0,0.053959916684662594
618,2062,2000,ARKANSAS,AR,5,71,42,US PRESIDENT,"BUSH, GEORGE W.",REPUBLICAN,False,472940,921781,20210113,,REPUBLICAN,1.0,422768.0,50172.0,0.05442941436197969
138,461,1980,LOUISIANA,LA,22,72,45,US PRESIDENT,"REAGAN, RONALD",REPUBLICAN,False,792853,1548591,20210113,,REPUBLICAN,1.0,708453.0,84400.0,0.054501156212324625
244,819,1984,MARYLAND,MD,24,52,52,US PRESIDENT,"REAGAN, RONALD",REPUBLICAN,False,879918,1675873,20210113,,REPUBLICAN,1.0,787935.0,91983.0,0.05488661730333981
268,894,1984,NEW YORK,NY,36,21,13,US PRESIDENT,"REAGAN, RONALD",REPUBLICAN,False,3376519,6806810,20210113,,REPUBLICAN,1.0,3001285.0,375234.0,0.05512626325694415
976,3260,2012,NEW HAMPSHIRE,NH,33,12,4,US PRESIDENT,"OBAMA, BARACK H.",DEMOCRAT,False,369561,710972,20210113,,DEMOCRAT,1.0,329918.0,39643.0,0.05575887658023101
1208,4201,2020,TEXAS,TX,48,74,49,US PRESIDENT,"TRUMP, DONALD J.",REPUBLICAN,False,5890347,11315056,20210113,,REPUBLICAN,1.0,5259126.0,631221.0,0.05578593689682137
706,2381,2000,WASHINGTON,WA,53,91,73,US PRESIDENT,"GORE, AL",DEMOCRAT,False,1247652,2487433,20210113,,DEMOCRAT,1.0,1108864.0,138788.0,0.05579567369251755
538,1780,1996,INDIANA,IN,18,32,22,US PRESIDENT,"DOLE, ROBERT",REPUBLICAN,False,1006693,2135431,20210113,,REPUBLICAN,1.0,887424.0,119269.0,0.05585242510762464
508,1669,1992,WYOMING,WY,56,83,68,US PRESIDENT,"BUSH, GEORGE H.W.",REPUBLICAN,False,79347,199884,20210113,,REPUBLICAN,1.0,68160.0,11187.0,0.055967461127453925
528,1751,1996,FLORIDA,FL,12,59,43,US PRESIDENT,"CLINTON, BILL",DEMOCRAT,False,2546870,5303154,20210113,,DEMOCRAT,1.0,2244536.0,302334.0,0.057010224481506666
36,111,1976,LOUISIANA,LA,22,72,45,US PRESIDENT,"CARTER, JIMMY",DEMOCRAT,False,661365,1277383,20210113,,DEMOCRAT,1.0,587446.0,73919.0,0.05786753072492745
948,3171,2012,IOWA,IA,19,42,31,US PRESIDENT,"OBAMA, BARACK H.",DEMOCRAT,False,822544,1582180,20210113,,DEMOCRAT,1.0,730617.0,91927.0,0.0581014802361299
590,1966,1996,SOUTH CAROLINA,SC,45,57,48,US PRESIDENT,"DOLE, ROBERT",REPUBLICAN,False,573339,1150182,20210113,,REPUBLICAN,1.0,506152.0,67187.0,0.05841423357346924
358,1160,1988,MONTANA,MT,30,81,64,US PRESIDENT,"BUSH, GEORGE H.W.",REPUBLICAN,False,190412,365674,20210113,,REPUBLICAN,1.0,168936.0,21476.0,0.058729906966314256
68,217,1976,NORTH DAKOTA,ND,38,44,36,US PRESIDENT,"FORD, GERALD",REPUBLICAN,False,153684,297308,20210113,,REPUBLICAN,1.0,136078.0,17606.0,0.05921804996838296
192,653,1980,VERMONT,VT,50,13,6,US PRESIDENT,"REAGAN, RONALD",REPUBLICAN,False,94628,213299,20210113,,REPUBLICAN,1.0,81952.0,12676.0,0.059428314244323696
438,1405,1992,IOWA,IA,19,42,31,US PRESIDENT,"CLINTON, BILL",DEMOCRAT,False,586353,1354607,20210113,,DEMOCRAT,1.0,504891.0,81462.0,0.06013699914440129
40,122,1976,MARYLAND,MD,24,52,52,US PRESIDENT,"CARTER, JIMMY",DEMOCRAT,False,759612,1432273,20210113,,DEMOCRAT,1.0,672661.0,86951.0,0.06070839846872768
436,1399,1992,INDIANA,IN,18,32,22,US PRESIDENT,"BUSH, GEORGE H.W.",REPUBLICAN,False,989375,2305871,20210113,,REPUBLICAN,1.0,848420.0,140955.0,0.061128744843054965
64,203,1976,NEW YORK,NY,36,21,13,US PRESIDENT,"CARTER, JIMMY",DEMOCRAT,False,3244165,6668262,20210113,,DEMOCRAT,1.0,2825913.0,418252.0,0.06272279043624861
616,2055,2000,ARIZONA,AZ,4,86,61,US PRESIDENT,"BUSH, GEORGE W.",REPUBLICAN,False,781652,1532016,20210113,,REPUBLICAN,1.0,685341.0,96311.0,0.06286553143048114
560,1864,1996,MISSOURI,MO,29,43,34,US PRESIDENT,"CLINTON, BILL",DEMOCRAT,False,1025935,2158065,20210113,,DEMOCRAT,1.0,890016.0,135919.0,0.06298188423425614
908,3042,2008,VIRGINIA,VA,51,54,40,US PRESIDENT,"OBAMA, BARACK H.",DEMOCRAT,False,1959532,3723260,20210113,,DEMOCRAT,1.0,1725005.0,234527.0,0.06298969182920344
708,2391,2000,WEST VIRGINIA,WV,54,55,56,US PRESIDENT,"BUSH, GEORGE W.",REPUBLICAN,False,336475,648124,20210113,,REPUBLICAN,1.0,295497.0,40978.0,0.06322555560355735
388,1251,1988,SOUTH DAKOTA,SD,46,45,37,US PRESIDENT,"BUSH, GEORGE H.W.",REPUBLICAN,False,165415,312991,20210113,,REPUBLICAN,1.0,145560.0,19855.0,0.0634363288401264
580,1930,1996,OHIO,OH,39,31,24,US PRESIDENT,"CLINTON, BILL",DEMOCRAT,False,2148222,4534434,20210113,,DEMOCRAT,1.0,1859883.0,288339.0,0.06358875220148755
370,1195,1988,NEW YORK,NY,36,21,13,US PRESIDENT,"DUKAKIS, MICHAEL",DEMOCRAT,False,3255487,6485683,20210113,,DEMOCRAT,1.0,2838414.0,417073.0,0.06430671989364882
420,1348,1992,CONNECTICUT,CT,9,16,1,US PRESIDENT,"CLINTON, BILL",DEMOCRAT,False,682318,1616156,20210113,,DEMOCRAT,1.0,578313.0,104005.0,0.06435331737777789
146,486,1980,MICHIGAN,MI,26,34,23,US PRESIDENT,"REAGAN, RONALD",REPUBLICAN,False,1915225,3909725,20210113,,REPUBLICAN,1.0,1661532.0,253693.0,0.06488768391638798
974,3255,2012,NEVADA,NV,32,88,65,US PRESIDENT,"OBAMA, BARACK H.",DEMOCRAT,False,531373,1014918,20210113,,DEMOCRAT,1.0,463567.0,67806.0,0.06680933829136936
774,2606,2004,NEW JERSEY,NJ,34,22,12,US PRESIDENT,"KERRY, JOHN",DEMOCRAT,False,1911430,3611691,20210113,,DEMOCRAT,1.0,1670003.0,241427.0,0.06684597325740214
408,1304,1992,ALABAMA,AL,1,63,41,US PRESIDENT,"BUSH, GEORGE H.W.",REPUBLICAN,False,804283,1688060,20210113,,REPUBLICAN,1.0,690080.0,114203.0,0.06765340094546403
152,510,1980,MISSOURI,MO,29,43,34,US PRESIDENT,"REAGAN, RONALD",REPUBLICAN,False,1074181,2099824,20210113,,REPUBLICAN,1.0,931182.0,142999.0,0.06810046937267124
578,1924,1996,NORTH DAKOTA,ND,38,44,36,US PRESIDENT,"DOLE, ROBERT",REPUBLICAN,False,125050,266411,20210113,,REPUBLICAN,1.0,106905.0,18145.0,0.06810904955125727
1016,3383,2012,WISCONSIN,WI,55,35,25,US PRESIDENT,"OBAMA, BARACK H.",DEMOCRAT,False,1620985,3071434,20210113,,DEMOCRAT,1.0,1410966.0,210019.0,0.06837815821534828
510,1674,1996,ALABAMA,AL,1,63,41,US PRESIDENT,"DOLE, ROBERT",REPUBLICAN,False,769044,1534349,20210113,,REPUBLICAN,1.0,662165.0,106879.0,0.06965755509339791
352,1141,1988,MINNESOTA,MN,27,41,33,US PRESIDENT,"DUKAKIS, MICHAEL",DEMOCRAT,False,1109471,2096790,20210113,,DEMOCRAT,1.0,962337.0,147134.0,0.07017107101808001
1168,4032,2020,MINNESOTA,MN,27,41,33,US PRESIDENT,"BIDEN, JOSEPH R. JR",DEMOCRAT,False,1717077,3277171,20210113,,DEMOCRAT,1.0,1484065.0,233012.0,0.07110156900570645
178,603,1980,PENNSYLVANIA,PA,42,23,14,US PRESIDENT,"REAGAN, RONALD",REPUBLICAN,False,2261872,4561501,20210113,,REPUBLICAN,1.0,1937540.0,324332.0,0.071102034176908
808,2702,2004,WASHINGTON,WA,53,91,73,US PRESIDENT,"KERRY, JOHN",DEMOCRAT,False,1510201,2859084,20210113,,DEMOCRAT,1.0,1304894.0,205307.0,0.07180866319422584
34,102,1976,KENTUCKY,KY,21,61,51,US PRESIDENT,"CARTER, JIMMY",DEMOCRAT,False,615717,1167142,20210113,,DEMOCRAT,1.0,531852.0,83865.0,0.07185500993023985
764,2576,2004,MISSOURI,MO,29,43,34,US PRESIDENT,"BUSH, GEORGE W.",REPUBLICAN,False,1455713,2731364,20210113,,REPUBLICAN,1.0,1259171.0,196542.0,0.07195745422433626
572,1898,1996,NEW MEXICO,NM,35,85,66,US PRESIDENT,"CLINTON, BILL",DEMOCRAT,False,273495,556074,20210113,,DEMOCRAT,1.0,232751.0,40744.0,0.07327082366735363
1180,4078,2020,NEW HAMPSHIRE,NH,33,12,4,US PRESIDENT,"BIDEN, JOSEPH R. JR",DEMOCRAT,False,424921,806182,20210113,,DEMOCRAT,1.0,365654.0,59267.0,0.07351565775470055
280,932,1984,PENNSYLVANIA,PA,42,23,14,US PRESIDENT,"REAGAN, RONALD",REPUBLICAN,False,2584323,4844903,20210113,,REPUBLICAN,1.0,2228131.0,356192.0,0.07351891255614405
234,782,1984,IOWA,IA,19,42,31,US PRESIDENT,"REAGAN, RONALD",REPUBLICAN,False,703088,1319805,20210113,,REPUBLICAN,1.0,605620.0,97468.0,0.07385030364334125
452,1466,1992,MICHIGAN,MI,26,34,23,US PRESIDENT,"CLINTON, BILL",DEMOCRAT,False,1871182,4274673,20210113,,DEMOCRAT,1.0,1554940.0,316242.0,0.07398039569342497
52,164,1976,MONTANA,MT,30,81,64,US PRESIDENT,"FORD, GERALD",REPUBLICAN,False,173703,328734,20210113,,REPUBLICAN,1.0,149259.0,24444.0,0.07435799156765044
32,95,1976,KANSAS,KS,20,47,32,US PRESIDENT,"FORD, GERALD",REPUBLICAN,False,502752,957845,20210113,,REPUBLICAN,1.0,430421.0,72331.0,0.07551430555048051
728,2458,2004,DELAWARE,DE,10,51,11,US PRESIDENT,"KERRY, JOHN",DEMOCRAT,False,200152,375190,20210113,,DEMOCRAT,1.0,171660.0,28492.0,0.07594019030357951
28,79,1976,INDIANA,IN,18,32,22,US PRESIDENT,"FORD, GERALD",REPUBLICAN,False,1183958,2220362,20210113,,REPUBLICAN,1.0,1014714.0,169244.0,0.07622360678123657
648,2172,2000,LOUISIANA,LA,22,72,45,US PRESIDENT,"BUSH, GEORGE W.",REPUBLICAN,False,927871,1765656,20210113,,REPUBLICAN,1.0,792344.0,135527.0,0.07675730719913731
964,3225,2012,MINNESOTA,MN,27,41,33,US PRESIDENT,"OBAMA, BARACK H.",DEMOCRATIC-FARMER-LABOR,False,1546167,2936561,20210113,,DEMOCRAT,1.0,1320225.0,225942.0,0.07694102046577612
316,1046,1988,COLORADO,CO,8,84,62,US PRESIDENT,"BUSH, GEORGE H.W.",REPUBLICAN,False,728177,1372394,20210113,,REPUBLICAN,1.0,621453.0,106724.0,0.07776484012608624
582,1939,1996,OKLAHOMA,OK,40,73,53,US PRESIDENT,"DOLE, ROBERT",REPUBLICAN,False,582315,1206713,20210113,,REPUBLICAN,1.0,488105.0,94210.0,0.07807158785891923
938,3148,2012,GEORGIA,GA,13,58,44,US PRESIDENT,"ROMNEY, MITT",REPUBLICAN,False,2078688,3897839,20210113,,REPUBLICAN,1.0,1773827.0,304861.0,0.07821282510642436
348,1131,1988,MASSACHUSETTS,MA,25,14,3,US PRESIDENT,"DUKAKIS, MICHAEL",DEMOCRAT,False,1401415,2632801,20210113,,DEMOCRAT,1.0,1194635.0,206780.0,0.07853992762840792
350,1136,1988,MICHIGAN,MI,26,34,23,US PRESIDENT,"BUSH, GEORGE H.W.",REPUBLICAN,False,1965486,3669163,20210113,,REPUBLICAN,1.0,1675783.0,289703.0,0.07895615430549147
128,417,1980,ILLINOIS,IL,17,33,21,US PRESIDENT,"REAGAN, RONALD",REPUBLICAN,False,2358049,4749721,20210113,,REPUBLICAN,1.0,1981413.0,376636.0,0.07929644709657684
1192,4148,2020,OHIO,OH,39,31,24,US PRESIDENT,"TRUMP, DONALD J.",REPUBLICAN,False,3154834,5922202,20210113,,REPUBLICAN,1.0,2679165.0,475669.0,0.08031961760169612
704,2374,2000,VIRGINIA,VA,51,54,40,US PRESIDENT,"BUSH, GEORGE W.",REPUBLICAN,False,1437490,2739447,20210113,,REPUBLICAN,1.0,1217290.0,220200.0,0.08038118642193114
584,1943,1996,OREGON,OR,41,92,72,US PRESIDENT,"CLINTON, BILL",DEMOCRAT,False,649641,1377760,20210113,,DEMOCRAT,1.0,538152.0,111489.0,0.08092047961909186
1090,3645,2016,OHIO,OH,39,31,24,US PRESIDENT,"TRUMP, DONALD J.",REPUBLICAN,False,2841005,5496487,20210113,,REPUBLICAN,1.0,2394164.0,446841.0,0.08129574399066167
1152,3938,2020,IOWA,IA,19,42,31,US PRESIDENT,"TRUMP, DONALD J.",REPUBLICAN,False,897672,1700130,20210113,,REPUBLICAN,1.0,759061.0,138611.0,0.08152964773282043
422,1353,1992,DELAWARE,DE,10,51,11,US PRESIDENT,"CLINTON, BILL",DEMOCRAT,False,126054,289620,20210113,,DEMOCRAT,1.0,102313.0,23741.0,0.08197293004626752
806,2697,2004,VIRGINIA,VA,51,54,40,US PRESIDENT,"BUSH, GEORGE W.",REPUBLICAN,False,1716959,3195415,20210113,,REPUBLICAN,1.0,1454742.0,262217.0,0.08206038965204833
1082,3613,2016,NEW MEXICO,NM,35,85,66,US PRESIDENT,"CLINTON, HILLARY",DEMOCRAT,False,385234,798319,20210113,,DEMOCRAT,1.0,319667.0,65567.0,0.08213132845391379
446,1443,1992,MAINE,ME,23,11,2,US PRESIDENT,"CLINTON, BILL",DEMOCRAT,False,263420,679499,20210113,,DEMOCRAT,1.0,206820.0,56600.0,0.08329666415991782
622,2076,2000,COLORADO,CO,8,84,62,US PRESIDENT,"BUSH, GEORGE W.",REPUBLICAN,False,883748,1741368,20210113,,REPUBLICAN,1.0,738227.0,145521.0,0.0835670576236614
898,3012,2008,SOUTH DAKOTA,SD,46,45,37,US PRESIDENT,"MCCAIN, JOHN",REPUBLICAN,False,203054,381975,20210113,,REPUBLICAN,1.0,170924.0,32130.0,0.08411545258197527
820,2738,2008,ARIZONA,AZ,4,86,61,US PRESIDENT,"MCCAIN, JOHN",REPUBLICAN,False,1230111,2293475,20210113,,REPUBLICAN,1.0,1034707.0,195404.0,0.0851999694786296
470,1534,1992,NEW MEXICO,NM,35,85,66,US PRESIDENT,"CLINTON, BILL",DEMOCRAT,False,261617,569986,20210113,,DEMOCRAT,1.0,212824.0,48793.0,0.08560385693683704
480,1571,1992,OKLAHOMA,OK,40,73,53,US PRESIDENT,"BUSH, GEORGE H.W.",REPUBLICAN,False,592929,1390359,20210113,,REPUBLICAN,1.0,473066.0,119863.0,0.08621010832454064
884,2970,2008,NORTH DAKOTA,ND,38,44,36,US PRESIDENT,"MCCAIN, JOHN",REPUBLICAN,False,168601,316621,20210113,,REPUBLICAN,1.0,141278.0,27323.0,0.0862956026290107
736,2484,2004,HAWAII,HI,15,95,82,US PRESIDENT,"KERRY, JOHN",DEMOCRAT,False,231708,429013,20210113,,DEMOCRAT,1.0,194191.0,37517.0,0.08744956446541247
456,1486,1992,MISSISSIPPI,MS,28,64,46,US PRESIDENT,"BUSH, GEORGE H.W.",REPUBLICAN,False,487793,981793,20210113,,REPUBLICAN,1.0,400258.0,87535.0,0.08915830526394057
826,2758,2008,COLORADO,CO,8,84,62,US PRESIDENT,"OBAMA, BARACK H.",DEMOCRAT,False,1288576,2401361,20210113,,DEMOCRAT,1.0,1073589.0,214987.0,0.08952714731354428
1160,3981,2020,MAINE,ME,23,11,2,US PRESIDENT,"BIDEN, JOSEPH R. JR",DEMOCRAT,False,435072,828305,20210113,,DEMOCRAT,1.0,360737.0,74335.0,0.08974351235354126
896,3006,2008,SOUTH CAROLINA,SC,45,57,48,US PRESIDENT,"MCCAIN, JOHN",REPUBLICAN,False,1034896,1920969,20210113,,REPUBLICAN,1.0,862449.0,172447.0,0.08977083961271629
752,2530,2004,MAINE,ME,23,11,2,US PRESIDENT,"KERRY, JOHN",DEMOCRAT,False,396842,740752,20210113,,DEMOCRAT,1.0,330201.0,66641.0,0.08996398254746528
1106,3684,2016,TEXAS,TX,48,74,49,US PRESIDENT,"TRUMP, DONALD J.",REPUBLICAN,False,4685047,8969226,20210113,,REPUBLICAN,1.0,3877868.0,807179.0,0.08999427598323423
484,1582,1992,PENNSYLVANIA,PA,42,23,14,US PRESIDENT,"CLINTON, BILL",DEMOCRAT,False,2239164,4959810,20210113,,DEMOCRAT,1.0,1791841.0,447323.0,0.09018954355106344
922,3088,2012,ARIZONA,AZ,4,86,61,US PRESIDENT,"ROMNEY, MITT",REPUBLICAN,False,1233654,2299254,20210113,,REPUBLICAN,1.0,1025232.0,208422.0,0.09064766224175319
410,1310,1992,ALASKA,AK,2,94,81,US PRESIDENT,"BUSH, GEORGE H.W.",REPUBLICAN,False,102000,258506,20210113,,REPUBLICAN,1.0,78294.0,23706.0,0.09170386760848878
302,1005,1984,WISCONSIN,WI,55,35,25,US PRESIDENT,"REAGAN, RONALD",REPUBLICAN,False,1198584,2211689,20210113,,REPUBLICAN,1.0,995740.0,202844.0,0.09171452224973764
586,1952,1996,PENNSYLVANIA,PA,42,23,14,US PRESIDENT,"CLINTON, BILL",DEMOCRAT,False,2215819,4501307,20210113,,DEMOCRAT,1.0,1801169.0,414650.0,0.0921176893733309
968,3242,2012,MISSOURI,MO,29,43,34,US PRESIDENT,"ROMNEY, MITT",REPUBLICAN,False,1482440,2757323,20210113,,REPUBLICAN,1.0,1223796.0,258644.0,0.09380257590423756
1050,3502,2016,IOWA,IA,19,42,31,US PRESIDENT,"TRUMP, DONALD J.",REPUBLICAN,False,800983,1565580,20210113,,REPUBLICAN,1.0,653669.0,147314.0,0.09409547899181134
962,3219,2012,MICHIGAN,MI,26,34,23,US PRESIDENT,"OBAMA, BARACK H.",DEMOCRAT,False,2564569,4730961,20210113,,DEMOCRAT,1.0,2115256.0,449313.0,0.09497288183098529
328,1080,1988,HAWAII,HI,15,95,82,US PRESIDENT,"DUKAKIS, MICHAEL",DEMOCRAT,False,192364,354461,20210113,,DEMOCRAT,1.0,158625.0,33739.0,0.09518395535757107
846,2836,2008,IOWA,IA,19,42,31,US PRESIDENT,"OBAMA, BARACK H.",DEMOCRAT,False,828940,1537123,20210113,,DEMOCRAT,1.0,682379.0,146561.0,0.09534760718563186
874,2932,2008,NEW HAMPSHIRE,NH,33,12,4,US PRESIDENT,"OBAMA, BARACK H.",DEMOCRAT,False,384826,710970,20210113,,DEMOCRAT,1.0,316534.0,68292.0,0.0960546858517237
114,377,1980,CONNECTICUT,CT,9,16,1,US PRESIDENT,"REAGAN, RONALD",REPUBLICAN,False,677210,1406285,20210113,,REPUBLICAN,1.0,541732.0,135478.0,0.09633751337744483
176,597,1980,OREGON,OR,41,92,72,US PRESIDENT,"REAGAN, RONALD",REPUBLICAN,False,571044,1181516,20210113,,REPUBLICAN,1.0,456890.0,114154.0,0.09661655026254405
720,2426,2004,ARKANSAS,AR,5,71,42,US PRESIDENT,"BUSH, GEORGE W.",REPUBLICAN,False,572898,1054945,20210113,,REPUBLICAN,1.0,469953.0,102945.0,0.09758328633246283
702,2363,2000,VERMONT,VT,50,13,6,US PRESIDENT,"GORE, AL",DEMOCRAT,False,149022,294308,20210113,,DEMOCRAT,1.0,119775.0,29247.0,0.09937548418663442
722,2432,2004,CALIFORNIA,CA,6,93,71,US PRESIDENT,"KERRY, JOHN",DEMOCRAT,False,6745485,12421353,20210113,,DEMOCRAT,1.0,5509826.0,1235659.0,0.09947861557432593
482,1575,1992,OREGON,OR,41,92,72,US PRESIDENT,"CLINTON, BILL",DEMOCRAT,False,621314,1462643,20210113,,DEMOCRAT,1.0,475757.0,145557.0,0.09951642335142614
568,1890,1996,NEW HAMPSHIRE,NH,33,12,4,US PRESIDENT,"CLINTON, BILL",DEMOCRAT,False,246166,496597,20210113,,DEMOCRAT,1.0,196486.0,49680.0,0.1000408782171459
1124,3745,2020,ALASKA,AK,2,94,81,US PRESIDENT,"TRUMP, DONALD J.",REPUBLICAN,False,189951,359530,20210113,,REPUBLICAN,1.0,153778.0,36173.0,0.10061190999360275
1214,4252,2020,VIRGINIA,VA,51,54,40,US PRESIDENT,"BIDEN, JOSEPH R. JR",DEMOCRAT,False,2413568,4460524,20210113,,DEMOCRAT,1.0,1962430.0,451138.0,0.10114013510520288
980,3276,2012,NEW MEXICO,NM,35,85,66,US PRESIDENT,"OBAMA, BARACK H.",DEMOCRAT,False,415335,783758,20210113,,DEMOCRAT,1.0,335788.0,79547.0,0.10149433881376649
458,1492,1992,MISSOURI,MO,29,43,34,US PRESIDENT,"CLINTON, BILL",DEMOCRAT,False,1053873,2391270,20210113,,DEMOCRAT,1.0,811159.0,242714.0,0.10150003972784337
946,3167,2012,INDIANA,IN,18,32,22,US PRESIDENT,"ROMNEY, MITT",REPUBLICAN,False,1420543,2624534,20210113,,REPUBLICAN,1.0,1152887.0,267656.0,0.10198229476166054
342,1115,1988,LOUISIANA,LA,22,72,45,US PRESIDENT,"BUSH, GEORGE H.W.",REPUBLICAN,False,883702,1628202,20210113,,REPUBLICAN,1.0,717460.0,166242.0,0.10210158199044099
336,1097,1988,IOWA,IA,19,42,31,US PRESIDENT,"DUKAKIS, MICHAEL",DEMOCRAT,False,670557,1225614,20210113,,DEMOCRAT,1.0,545355.0,125202.0,0.10215451194258551
862,2892,2008,MINNESOTA,MN,27,41,33,US PRESIDENT,"OBAMA, BARACK H.",DEMOCRAT,False,1573354,2910369,20210113,,DEMOCRAT,1.0,1275409.0,297945.0,0.10237361654140764
892,2992,2008,PENNSYLVANIA,PA,42,23,14,US PRESIDENT,"OBAMA, BARACK H.",DEMOCRAT,False,3276363,6013272,20210113,,DEMOCRAT,1.0,2655885.0,620478.0,0.10318475532122943
608,2030,1996,WISCONSIN,WI,55,35,25,US PRESIDENT,"CLINTON, BILL",DEMOCRAT,False,1071971,2196169,20210113,,DEMOCRAT,1.0,845029.0,226942.0,0.10333539905171232
540,1785,1996,IOWA,IA,19,42,31,US PRESIDENT,"CLINTON, BILL",DEMOCRAT,False,620258,1234075,20210113,,DEMOCRAT,1.0,492644.0,127614.0,0.10340862589388813
740,2493,2004,ILLINOIS,IL,17,33,21,US PRESIDENT,"KERRY, JOHN",DEMOCRAT,False,2891550,5274322,20210113,,DEMOCRAT,1.0,2345946.0,545604.0,0.10344533382679329
726,2451,2004,CONNECTICUT,CT,9,16,1,US PRESIDENT,"KERRY, JOHN",DEMOCRAT,False,857488,1578769,20210113,,DEMOCRAT,1.0,693826.0,163662.0,0.1036643106116221
180,610,1980,RHODE ISLAND,RI,44,15,5,US PRESIDENT,"CARTER, JIMMY",DEMOCRAT,False,198342,415967,20210113,,DEMOCRAT,1.0,154793.0,43549.0,0.10469340115922657
718,2422,2004,ARIZONA,AZ,4,86,61,US PRESIDENT,"BUSH, GEORGE W.",REPUBLICAN,False,1104294,2012585,20210113,,REPUBLICAN,1.0,893524.0,210770.0,0.10472601157218205
998,3331,2012,SOUTH CAROLINA,SC,45,57,48,US PRESIDENT,"ROMNEY, MITT",REPUBLICAN,False,1071645,1964118,20210113,,REPUBLICAN,1.0,865941.0,205704.0,0.10473097848499938
300,1000,1984,WEST VIRGINIA,WV,54,55,56,US PRESIDENT,"REAGAN, RONALD",REPUBLICAN,False,405483,735742,20210113,,REPUBLICAN,1.0,328125.0,77358.0,0.10514283539610353
172,584,1980,OHIO,OH,39,31,24,US PRESIDENT,"REAGAN, RONALD",REPUBLICAN,False,2206545,4283603,20210113,,REPUBLICAN,1.0,1752414.0,454131.0,0.10601612707806957
1184,4109,2020,NEW MEXICO,NM,35,85,66,US PRESIDENT,"BIDEN, JOSEPH R. JR",DEMOCRAT,False,501614,923965,20210113,,DEMOCRAT,1.0,401894.0,99720.0,0.10792616603442771
376,1215,1988,OHIO,OH,39,31,24,US PRESIDENT,"BUSH, GEORGE H.W.",REPUBLICAN,False,2416549,4393585,20210113,,REPUBLICAN,1.0,1939629.0,476920.0,0.10854916884503202
1094,3653,2016,OREGON,OR,41,92,72,US PRESIDENT,"CLINTON, HILLARY",DEMOCRAT,False,1002106,2001336,20210113,,DEMOCRAT,1.0,782403.0,219703.0,0.10977816818365332
66,212,1976,NORTH CAROLINA,NC,37,56,47,US PRESIDENT,"CARTER, JIMMY",DEMOCRAT,False,927365,1677906,20210113,,DEMOCRAT,1.0,741960.0,185405.0,0.11049784672085325
58,177,1976,NEW HAMPSHIRE,NH,33,12,4,US PRESIDENT,"FORD, GERALD",REPUBLICAN,False,185935,339627,20210113,,REPUBLICAN,1.0,147645.0,38290.0,0.1127413309306975
226,760,1984,HAWAII,HI,15,95,82,US PRESIDENT,"REAGAN, RONALD",REPUBLICAN,False,185050,335846,20210113,,REPUBLICAN,1.0,147154.0,37896.0,0.11283743144179177
78,254,1976,RHODE ISLAND,RI,44,15,5,US PRESIDENT,"CARTER, JIMMY",DEMOCRAT,False,227636,410584,20210113,,DEMOCRAT,1.0,181249.0,46387.0,0.11297809948755919
430,1378,1992,HAWAII,HI,15,95,82,US PRESIDENT,"CLINTON, BILL",DEMOCRAT,False,179310,372842,20210113,,DEMOCRAT,1.0,136822.0,42488.0,0.11395711856496854
10,30,1976,COLORADO,CO,8,84,62,US PRESIDENT,"FORD, GERALD",REPUBLICAN,False,584278,1081440,20210113,,REPUBLICAN,1.0,460801.0,123477.0,0.1141783177984909
1034,3456,2016,DELAWARE,DE,10,51,11,US PRESIDENT,"CLINTON, HILLARY",DEMOCRAT,False,235603,441590,20210113,,DEMOCRAT,1.0,185127.0,50476.0,0.11430512466314907
502,1646,1992,WASHINGTON,WA,53,91,73,US PRESIDENT,"CLINTON, BILL",DEMOCRAT,False,993037,2287565,20210113,,DEMOCRAT,1.0,731234.0,261803.0,0.11444614688544369
344,1121,1988,MAINE,ME,23,11,2,US PRESIDENT,"BUSH, GEORGE H.W.",REPUBLICAN,False,307131,555035,20210113,,REPUBLICAN,1.0,243569.0,63562.0,0.11451890421324781
966,3236,2012,MISSISSIPPI,MS,28,64,46,US PRESIDENT,"ROMNEY, MITT",REPUBLICAN,False,710746,1285584,20210113,,REPUBLICAN,1.0,562949.0,147797.0,0.1149648719959178
454,1474,1992,MINNESOTA,MN,27,41,33,US PRESIDENT,"CLINTON, BILL",DEMOCRAT,False,1020997,2347948,20210113,,DEMOCRAT,1.0,747841.0,273156.0,0.11633818125444005
340,1110,1988,KENTUCKY,KY,21,61,51,US PRESIDENT,"BUSH, GEORGE H.W.",REPUBLICAN,False,734281,1322517,20210113,,REPUBLICAN,1.0,580368.0,153913.0,0.11637884427950643
1202,4181,2020,SOUTH CAROLINA,SC,45,57,48,US PRESIDENT,"TRUMP, DONALD J.",REPUBLICAN,False,1385103,2514096,20210113,,REPUBLICAN,1.0,1091541.0,293562.0,0.11676642419382553
384,1238,1988,RHODE ISLAND,RI,44,15,5,US PRESIDENT,"DUKAKIS, MICHAEL",DEMOCRAT,False,225123,404622,20210113,,DEMOCRAT,1.0,177761.0,47362.0,0.11705245883812546
632,2117,2000,GEORGIA,GA,13,58,44,US PRESIDENT,"BUSH, GEORGE W.",REPUBLICAN,False,1419720,2583208,20210113,,REPUBLICAN,1.0,1116230.0,303490.0,0.11748569995137828
902,3020,2008,TEXAS,TX,48,74,49,US PRESIDENT,"MCCAIN, JOHN",REPUBLICAN,False,4479328,8077795,20210113,,REPUBLICAN,1.0,3528633.0,950695.0,0.11769239006436781
620,2069,2000,CALIFORNIA,CA,6,93,71,US PRESIDENT,"GORE, AL",DEMOCRAT,False,5861203,10965822,20210113,,DEMOCRAT,1.0,4567429.0,1293774.0,0.11798240022498997
638,2135,2000,ILLINOIS,IL,17,33,21,US PRESIDENT,"GORE, AL",DEMOCRAT,False,2589026,4742108,20210113,,DEMOCRAT,1.0,2019421.0,569605.0,0.1201164123634468
476,1562,1992,NORTH DAKOTA,ND,38,44,36,US PRESIDENT,"BUSH, GEORGE H.W.",REPUBLICAN,False,136244,308133,20210113,,REPUBLICAN,1.0,99168.0,37076.0,0.12032466499855582
546,1807,1996,LOUISIANA,LA,22,72,45,US PRESIDENT,"CLINTON, BILL",DEMOCRAT,False,927837,1783959,20210113,,DEMOCRAT,1.0,712586.0,215251.0,0.12065916313099125
992,3312,2012,OREGON,OR,41,92,72,US PRESIDENT,"OBAMA, BARACK H.",DEMOCRAT,False,970488,1789270,20210113,,DEMOCRAT,1.0,754175.0,216313.0,0.1208945547625568
278,929,1984,OREGON,OR,41,92,72,US PRESIDENT,"REAGAN, RONALD",REPUBLICAN,False,685700,1226527,20210113,,REPUBLICAN,1.0,536479.0,149221.0,0.12166140655688787
90,295,1976,VERMONT,VT,50,13,6,US PRESIDENT,"FORD, GERALD",REPUBLICAN,False,100387,183902,20210113,,REPUBLICAN,1.0,77798.0,22589.0,0.12283172559297886
196,668,1980,WASHINGTON,WA,53,91,73,US PRESIDENT,"REAGAN, RONALD",REPUBLICAN,False,865244,1742394,20210113,,REPUBLICAN,1.0,650193.0,215051.0,0.12342271610209861
320,1057,1988,DELAWARE,DE,10,51,11,US PRESIDENT,"BUSH, GEORGE H.W.",REPUBLICAN,False,139639,249891,20210113,,REPUBLICAN,1.0,108647.0,30992.0,0.1240220736241001
780,2625,2004,NORTH CAROLINA,NC,37,56,47,US PRESIDENT,"BUSH, GEORGE W.",REPUBLICAN,False,1961166,3501007,20210113,,REPUBLICAN,1.0,1525849.0,435317.0,0.12434051117292824
872,2925,2008,NEVADA,NV,32,88,65,US PRESIDENT,"OBAMA, BARACK H.",DEMOCRAT,False,533736,967848,20210113,,DEMOCRAT,1.0,412827.0,120909.0,0.1249256081533464
604,2017,1996,WASHINGTON,WA,53,91,73,US PRESIDENT,"CLINTON, BILL",DEMOCRAT,False,1123323,2253837,20210113,,DEMOCRAT,1.0,840712.0,282611.0,0.12539105534251146
392,1258,1988,TEXAS,TX,48,74,49,US PRESIDENT,"BUSH, GEORGE H.W.",REPUBLICAN,False,3036829,5427410,20210113,,REPUBLICAN,1.0,2352748.0,684081.0,0.12604188738274794
132,434,1980,IOWA,IA,19,42,31,US PRESIDENT,"REAGAN, RONALD",REPUBLICAN,False,676026,1317661,20210113,,REPUBLICAN,1.0,508672.0,167354.0,0.12700838834874828
194,662,1980,VIRGINIA,VA,51,54,40,US PRESIDENT,"REAGAN, RONALD",REPUBLICAN,False,989609,1866032,20210113,,REPUBLICAN,1.0,752174.0,237435.0,0.12724058322686857
678,2287,2000,NORTH CAROLINA,NC,37,56,47,US PRESIDENT,"BUSH, GEORGE W.",REPUBLICAN,False,1631163,2914990,20210113,,REPUBLICAN,1.0,1257692.0,373471.0,0.12812085118645347
810,2711,2004,WEST VIRGINIA,WV,54,55,56,US PRESIDENT,"BUSH, GEORGE W.",REPUBLICAN,False,423778,755792,20210113,,REPUBLICAN,1.0,326541.0,97237.0,0.12865576772445328
46,141,1976,MINNESOTA,MN,27,41,33,US PRESIDENT,"CARTER, JIMMY",DEMOCRAT,False,1070440,1949931,20210113,,DEMOCRAT,1.0,819395.0,251045.0,0.1287455812539008
230,769,1984,ILLINOIS,IL,17,33,21,US PRESIDENT,"REAGAN, RONALD",REPUBLICAN,False,2707103,4819088,20210113,,REPUBLICAN,1.0,2086499.0,620604.0,0.12878038334224234
518,1707,1996,CALIFORNIA,CA,6,93,71,US PRESIDENT,"CLINTON, BILL",DEMOCRAT,False,5119835,10019469,20210113,,DEMOCRAT,1.0,3828381.0,1291454.0,0.1288944553848113
610,2037,1996,WYOMING,WY,56,83,68,US PRESIDENT,"DOLE, ROBERT",REPUBLICAN,False,105388,211571,20210113,,REPUBLICAN,1.0,77934.0,27454.0,0.12976258560955897
754,2537,2004,MARYLAND,MD,24,52,52,US PRESIDENT,"KERRY, JOHN",DEMOCRAT,False,1334493,2384238,20210113,,DEMOCRAT,1.0,1024703.0,309790.0,0.1299324983495775
84,270,1976,TENNESSEE,TN,47,62,54,US PRESIDENT,"CARTER, JIMMY",DEMOCRAT,False,825879,1476346,20210113,,DEMOCRAT,1.0,633969.0,191910.0,0.1299898533270656
504,1656,1992,WEST VIRGINIA,WV,54,55,56,US PRESIDENT,"CLINTON, BILL",DEMOCRAT,False,331001,683677,20210113,,DEMOCRAT,1.0,241974.0,89027.0,0.1302179245462404
80,260,1976,SOUTH CAROLINA,SC,45,57,48,US PRESIDENT,"CARTER, JIMMY",DEMOCRAT,False,450807,802583,20210113,,DEMOCRAT,1.0,346149.0,104658.0,0.13040146626579432
374,1209,1988,NORTH DAKOTA,ND,38,44,36,US PRESIDENT,"BUSH, GEORGE H.W.",REPUBLICAN,False,166559,297261,20210113,,REPUBLICAN,1.0,127739.0,38820.0,0.13059230776993955
626,2093,2000,DELAWARE,DE,10,51,11,US PRESIDENT,"GORE, AL",DEMOCRAT,False,180068,327529,20210113,,DEMOCRAT,1.0,137288.0,42780.0,0.13061438834423822
0,0,1976,ALABAMA,AL,1,63,41,US PRESIDENT,"CARTER, JIMMY",DEMOCRAT,False,659170,1182850,20210113,,DEMOCRAT,1.0,504070.0,155100.0,0.13112398021727184
912,3057,2008,WEST VIRGINIA,WV,54,55,56,US PRESIDENT,"MCCAIN, JOHN",REPUBLICAN,False,397466,713451,20210113,,REPUBLICAN,1.0,303857.0,93609.0,0.13120592724658037
864,2900,2008,MISSISSIPPI,MS,28,64,46,US PRESIDENT,"MCCAIN, JOHN",REPUBLICAN,False,724597,1289865,20210113,,REPUBLICAN,1.0,554662.0,169935.0,0.13174634554778988
554,1838,1996,MICHIGAN,MI,26,34,23,US PRESIDENT,"CLINTON, BILL",DEMOCRAT,False,1989653,3848844,20210113,,DEMOCRAT,1.0,1481212.0,508441.0,0.13210226239359144
338,1107,1988,KANSAS,KS,20,47,32,US PRESIDENT,"BUSH, GEORGE H.W.",REPUBLICAN,False,554049,993044,20210113,,REPUBLICAN,1.0,422636.0,131413.0,0.13233351190883788
416,1332,1992,CALIFORNIA,CA,6,93,71,US PRESIDENT,"CLINTON, BILL",DEMOCRAT,False,5121325,11131721,20210113,,DEMOCRAT,1.0,3630574.0,1490751.0,0.13391918464359645
1132,3784,2020,COLORADO,CO,8,84,62,US PRESIDENT,"BIDEN, JOSEPH R. JR",DEMOCRAT,False,1804352,3279980,20210113,,DEMOCRAT,1.0,1364607.0,439745.0,0.13406941505740888
162,537,1980,NEW JERSEY,NJ,34,22,12,US PRESIDENT,"REAGAN, RONALD",REPUBLICAN,False,1546557,2975684,20210113,,REPUBLICAN,1.0,1147364.0,399193.0,0.13415167739585251
298,990,1984,WASHINGTON,WA,53,91,73,US PRESIDENT,"REAGAN, RONALD",REPUBLICAN,False,1051670,1874910,20210113,,REPUBLICAN,1.0,798352.0,253318.0,0.13510941858542544
432,1385,1992,IDAHO,ID,16,82,63,US PRESIDENT,"BUSH, GEORGE H.W.",REPUBLICAN,False,202645,482114,20210113,,REPUBLICAN,1.0,137013.0,65632.0,0.1361337774883119
1032,3451,2016,CONNECTICUT,CT,9,16,1,US PRESIDENT,"CLINTON, HILLARY",DEMOCRAT,False,897572,1644920,20210113,,DEMOCRAT,1.0,673215.0,224357.0,0.13639386717895094
366,1176,1988,NEW JERSEY,NJ,34,22,12,US PRESIDENT,"BUSH, GEORGE H.W.",REPUBLICAN,False,1743192,3099553,20210113,,REPUBLICAN,1.0,1320352.0,422840.0,0.1364196708364077
970,3246,2012,MONTANA,MT,30,81,64,US PRESIDENT,"ROMNEY, MITT",REPUBLICAN,False,267928,484048,20210113,,REPUBLICAN,1.0,201839.0,66089.0,0.136533980101147
188,639,1980,TEXAS,TX,48,74,49,US PRESIDENT,"REAGAN, RONALD",REPUBLICAN,False,2510705,4541636,20210113,,REPUBLICAN,1.0,1881147.0,629558.0,0.13861921122696755
914,3063,2008,WISCONSIN,WI,55,35,25,US PRESIDENT,"OBAMA, BARACK H.",DEMOCRAT,False,1677211,2983417,20210113,,DEMOCRAT,1.0,1262393.0,414818.0,0.13904124029594253
920,3083,2012,ALASKA,AK,2,94,81,US PRESIDENT,"ROMNEY, MITT",REPUBLICAN,False,164676,300495,20210113,,REPUBLICAN,1.0,122640.0,42036.0,0.1398891828483003
1080,3604,2016,NEW JERSEY,NJ,34,22,12,US PRESIDENT,"CLINTON, HILLARY",DEMOCRAT,False,2148278,3874046,20210113,,DEMOCRAT,1.0,1601933.0,546345.0,0.14102697799664743
312,1035,1988,ARKANSAS,AR,5,71,42,US PRESIDENT,"BUSH, GEORGE H.W.",REPUBLICAN,False,466578,827738,20210113,,REPUBLICAN,1.0,349237.0,117341.0,0.1417610403291863
448,1450,1992,MARYLAND,MD,24,52,52,US PRESIDENT,"CLINTON, BILL",DEMOCRAT,False,988571,1984580,20210113,,DEMOCRAT,1.0,707094.0,281477.0,0.14183202491207209
434,1390,1992,ILLINOIS,IL,17,33,21,US PRESIDENT,"CLINTON, BILL",DEMOCRAT,False,2453350,5050157,20210113,,DEMOCRAT,1.0,1734096.0,719254.0,0.14242210687707332
1100,3669,2016,SOUTH CAROLINA,SC,45,57,48,US PRESIDENT,"TRUMP, DONALD J.",REPUBLICAN,False,1155389,2103027,20210113,,REPUBLICAN,1.0,855373.0,300016.0,0.14265912896030342
798,2674,2004,TENNESSEE,TN,47,62,54,US PRESIDENT,"BUSH, GEORGE W.",REPUBLICAN,False,1384375,2437319,20210113,,REPUBLICAN,1.0,1036477.0,347898.0,0.14273798382567074
750,2521,2004,LOUISIANA,LA,22,72,45,US PRESIDENT,"BUSH, GEORGE W.",REPUBLICAN,False,1102169,1943106,20210113,,REPUBLICAN,1.0,820299.0,281870.0,0.14506156637877707
1154,3950,2020,KANSAS,KS,20,47,32,US PRESIDENT,"TRUMP, DONALD J.",REPUBLICAN,False,771406,1372303,20210113,,REPUBLICAN,1.0,570323.0,201083.0,0.1465295929543257
1022,3400,2016,ALASKA,AK,2,94,81,US PRESIDENT,"TRUMP, DONALD J.",REPUBLICAN,False,163387,318608,20210113,,REPUBLICAN,1.0,116454.0,46933.0,0.147306407874253
606,2026,1996,WEST VIRGINIA,WV,54,55,56,US PRESIDENT,"CLINTON, BILL",DEMOCRAT,False,327812,636459,20210113,,DEMOCRAT,1.0,233946.0,93866.0,0.1474816131125493
122,402,1980,GEORGIA,GA,13,58,44,US PRESIDENT,"CARTER, JIMMY",DEMOCRAT,False,890955,1596805,20210113,,DEMOCRAT,1.0,654168.0,236787.0,0.1482879875751892
1012,3370,2012,WASHINGTON,WA,53,91,73,US PRESIDENT,"OBAMA, BARACK H.",DEMOCRAT,False,1755396,3125516,20210113,,DEMOCRAT,1.0,1290670.0,464726.0,0.14868776867563627
612,2042,2000,ALABAMA,AL,1,63,41,US PRESIDENT,"BUSH, GEORGE W.",REPUBLICAN,False,941173,1666272,20210113,,REPUBLICAN,1.0,692611.0,248562.0,0.1491725240536959
870,2918,2008,NEBRASKA,NE,31,46,35,US PRESIDENT,"MCCAIN, JOHN",REPUBLICAN,False,452979,801281,20210113,,REPUBLICAN,1.0,333319.0,119660.0,0.14933587592866923
848,2846,2008,KANSAS,KS,20,47,32,US PRESIDENT,"MCCAIN, JOHN",REPUBLICAN,False,699655,1235872,20210113,,REPUBLICAN,1.0,514765.0,184890.0,0.14960287149478263
956,3202,2012,MAINE,ME,23,11,2,US PRESIDENT,"OBAMA, BARACK H.",DEMOCRAT,False,401306,724758,20210113,,DEMOCRAT,1.0,292276.0,109030.0,0.15043642153656805
900,3017,2008,TENNESSEE,TN,47,62,54,US PRESIDENT,"MCCAIN, JOHN",REPUBLICAN,False,1479178,2599749,20210113,,REPUBLICAN,1.0,1087437.0,391741.0,0.15068416220181255
646,2164,2000,KENTUCKY,KY,21,61,51,US PRESIDENT,"BUSH, GEORGE W.",REPUBLICAN,False,872520,1544106,20210113,,REPUBLICAN,1.0,638923.0,233597.0,0.15128300777278245
878,2947,2008,NEW MEXICO,NM,35,85,66,US PRESIDENT,"OBAMA, BARACK H.",DEMOCRAT,False,472422,830158,20210113,,DEMOCRAT,1.0,346832.0,125590.0,0.15128445428460607
524,1737,1996,DELAWARE,DE,10,51,11,US PRESIDENT,"CLINTON, BILL",DEMOCRAT,False,140355,270810,20210113,,DEMOCRAT,1.0,99062.0,41293.0,0.1524795982423101
1172,4050,2020,MISSOURI,MO,29,43,34,US PRESIDENT,"TRUMP, DONALD J.",REPUBLICAN,False,1718736,3025962,20210113,,REPUBLICAN,1.0,1253014.0,465722.0,0.1539087404270113
1098,3663,2016,RHODE ISLAND,RI,44,15,5,US PRESIDENT,"CLINTON, HILLARY",DEMOCRAT,False,252525,464144,20210113,,DEMOCRAT,1.0,180543.0,71982.0,0.15508549070977973
876,2937,2008,NEW JERSEY,NJ,34,22,12,US PRESIDENT,"OBAMA, BARACK H.",DEMOCRAT,False,2215422,3868237,20210113,,DEMOCRAT,1.0,1613207.0,602215.0,0.1556820329261108
640,2142,2000,INDIANA,IN,18,32,22,US PRESIDENT,"BUSH, GEORGE W.",REPUBLICAN,False,1245836,2199302,20210113,,REPUBLICAN,1.0,901980.0,343856.0,0.15634778670687335
42,124,1976,MASSACHUSETTS,MA,25,14,3,US PRESIDENT,"CARTER, JIMMY",DEMOCRAT,False,1429475,2547558,20210113,,DEMOCRAT,1.0,1030276.0,399199.0,0.15669868949009208
498,1629,1992,VERMONT,VT,50,13,6,US PRESIDENT,"CLINTON, BILL",DEMOCRAT,False,133592,289701,20210113,,DEMOCRAT,1.0,88122.0,45470.0,0.1569549293927187
1114,3710,2016,WASHINGTON,WA,53,91,73,US PRESIDENT,"CLINTON, HILLARY",DEMOCRAT,False,1742718,3317019,20210113,,DEMOCRAT,1.0,1221747.0,520971.0,0.1570599987518914
1004,3345,2012,TEXAS,TX,48,74,49,US PRESIDENT,"ROMNEY, MITT",REPUBLICAN,False,4569843,7993851,20210113,,REPUBLICAN,1.0,3308124.0,1261719.0,0.1578361918429553
672,2263,2000,NEW JERSEY,NJ,34,22,12,US PRESIDENT,"GORE, AL",DEMOCRAT,False,1788850,3187226,20210113,,DEMOCRAT,1.0,1284173.0,504677.0,0.1583436505600795
1182,4100,2020,NEW JERSEY,NJ,34,22,12,US PRESIDENT,"BIDEN, JOSEPH R. JR",DEMOCRAT,False,2608335,4549353,20210113,,DEMOCRAT,1.0,1883274.0,725061.0,0.15937672895464475
692,2331,2000,SOUTH CAROLINA,SC,45,57,48,US PRESIDENT,"BUSH, GEORGE W.",REPUBLICAN,False,786892,1383902,20210113,,REPUBLICAN,1.0,566037.0,220855.0,0.15958861248845654
550,1823,1996,MARYLAND,MD,24,52,52,US PRESIDENT,"CLINTON, BILL",DEMOCRAT,False,966207,1780870,20210113,,DEMOCRAT,1.0,681530.0,284677.0,0.15985276859063266
496,1616,1992,UTAH,UT,49,87,67,US PRESIDENT,"BUSH, GEORGE H.W.",REPUBLICAN,False,322632,743998,20210113,,REPUBLICAN,1.0,203400.0,119232.0,0.1602584953185358
1150,3925,2020,INDIANA,IN,18,32,22,US PRESIDENT,"TRUMP, DONALD J.",REPUBLICAN,False,1729519,3033118,20210113,,REPUBLICAN,1.0,1242416.0,487103.0,0.16059480705992976
1196,4165,2020,OREGON,OR,41,92,72,US PRESIDENT,"BIDEN, JOSEPH R. JR",DEMOCRAT,False,1340383,2374321,20210113,,DEMOCRAT,1.0,958448.0,381935.0,0.1608607260770553
96,318,1976,WEST VIRGINIA,WV,54,55,56,US PRESIDENT,"CARTER, JIMMY",DEMOCRAT,False,435864,750590,20210113,,DEMOCRAT,1.0,314726.0,121138.0,0.16139037290664676
556,1846,1996,MINNESOTA,MN,27,41,33,US PRESIDENT,"CLINTON, BILL",DEMOCRAT,False,1120380,2192492,20210113,,DEMOCRAT,1.0,766395.0,353985.0,0.16145326870063836
850,2851,2008,KENTUCKY,KY,21,61,51,US PRESIDENT,"MCCAIN, JOHN",REPUBLICAN,False,1048462,1826620,20210113,,REPUBLICAN,1.0,751985.0,296477.0,0.16230907358947128
212,721,1984,CALIFORNIA,CA,6,93,71,US PRESIDENT,"REAGAN, RONALD",REPUBLICAN,False,5467009,9505041,20210113,,REPUBLICAN,1.0,3922519.0,1544490.0,0.1624916715246152
372,1205,1988,NORTH CAROLINA,NC,37,56,47,US PRESIDENT,"BUSH, GEORGE H.W.",REPUBLICAN,False,1237258,2134370,20210113,,REPUBLICAN,1.0,890167.0,347091.0,0.16261988315053155
288,956,1984,TENNESSEE,TN,47,62,54,US PRESIDENT,"REAGAN, RONALD",REPUBLICAN,False,990212,1711993,20210113,,REPUBLICAN,1.0,711714.0,278498.0,0.16267473056256657
652,2187,2000,MARYLAND,MD,24,52,52,US PRESIDENT,"GORE, AL",DEMOCRAT,False,1144008,2025212,20210113,,DEMOCRAT,1.0,813827.0,330181.0,0.16303527729442646
390,1254,1988,TENNESSEE,TN,47,62,54,US PRESIDENT,"BUSH, GEORGE H.W.",REPUBLICAN,False,947233,1636250,20210113,,REPUBLICAN,1.0,679794.0,267439.0,0.163446294881589
890,2985,2008,OREGON,OR,41,92,72,US PRESIDENT,"OBAMA, BARACK H.",DEMOCRAT,False,1037291,1827864,20210113,,DEMOCRAT,1.0,738475.0,298816.0,0.1634782456462844
1174,4061,2020,MONTANA,MT,30,81,64,US PRESIDENT,"TRUMP, DONALD J.",REPUBLICAN,False,343602,603674,20210113,,REPUBLICAN,1.0,244786.0,98816.0,0.16369099878411195
860,2886,2008,MICHIGAN,MI,26,34,23,US PRESIDENT,"OBAMA, BARACK H.",DEMOCRAT,False,2872579,5001596,20210113,,DEMOCRAT,1.0,2048639.0,823940.0,0.16473541645506753
1170,4042,2020,MISSISSIPPI,MS,28,64,46,US PRESIDENT,"TRUMP, DONALD J.",REPUBLICAN,False,756764,1313759,20210113,,REPUBLICAN,1.0,539398.0,217366.0,0.16545348119403938
4,11,1976,ARIZONA,AZ,4,86,61,US PRESIDENT,"FORD, GERALD",REPUBLICAN,False,418642,742719,20210113,,REPUBLICAN,1.0,295602.0,123040.0,0.16566157591228983
734,2480,2004,GEORGIA,GA,13,58,44,US PRESIDENT,"BUSH, GEORGE W.",REPUBLICAN,False,1914254,3301875,20210113,,REPUBLICAN,1.0,1366149.0,548105.0,0.16599810713609692
378,1222,1988,OKLAHOMA,OK,40,73,53,US PRESIDENT,"BUSH, GEORGE H.W.",REPUBLICAN,False,678367,1171036,20210113,,REPUBLICAN,1.0,483423.0,194944.0,0.16647139797580945
110,362,1980,CALIFORNIA,CA,6,93,71,US PRESIDENT,"REAGAN, RONALD",REPUBLICAN,False,4522994,8582938,20210113,,REPUBLICAN,1.0,3082943.0,1440051.0,0.16778065972281286
944,3162,2012,ILLINOIS,IL,17,33,21,US PRESIDENT,"OBAMA, BARACK H.",DEMOCRAT,False,3019512,5242014,20210113,,DEMOCRAT,1.0,2135216.0,884296.0,0.1686939409166019
660,2219,2000,MISSISSIPPI,MS,28,64,46,US PRESIDENT,"BUSH, GEORGE W.",REPUBLICAN,False,572844,994184,20210113,,REPUBLICAN,1.0,404614.0,168230.0,0.16921414949345392
516,1694,1996,ARKANSAS,AR,5,71,42,US PRESIDENT,"CLINTON, BILL",DEMOCRAT,False,475171,884262,20210113,,DEMOCRAT,1.0,325416.0,149755.0,0.16935591487590781
1148,3904,2020,ILLINOIS,IL,17,33,21,US PRESIDENT,"BIDEN, JOSEPH R. JR",DEMOCRAT,False,3471915,6033743,20210113,,DEMOCRAT,1.0,2446891.0,1025024.0,0.16988194558502076
120,397,1980,FLORIDA,FL,12,59,43,US PRESIDENT,"REAGAN, RONALD",REPUBLICAN,False,2046951,3686927,20210113,,REPUBLICAN,1.0,1419475.0,627476.0,0.1701894287573364
1046,3490,2016,ILLINOIS,IL,17,33,21,US PRESIDENT,"CLINTON, HILLARY",DEMOCRAT,False,3090729,5536424,20210113,,DEMOCRAT,1.0,2146015.0,944714.0,0.1706361362496803
794,2662,2004,SOUTH CAROLINA,SC,45,57,48,US PRESIDENT,"BUSH, GEORGE W.",REPUBLICAN,False,937974,1617700,20210113,,REPUBLICAN,1.0,661669.0,276305.0,0.1708011374173209
294,978,1984,VERMONT,VT,50,13,6,US PRESIDENT,"REAGAN, RONALD",REPUBLICAN,False,135865,234561,20210113,,REPUBLICAN,1.0,95730.0,40135.0,0.17110687624967494
910,3049,2008,WASHINGTON,WA,53,91,73,US PRESIDENT,"OBAMA, BARACK H.",DEMOCRAT,False,1750848,3036878,20210113,,DEMOCRAT,1.0,1229216.0,521632.0,0.17176587271533464
462,1501,1992,NEBRASKA,NE,31,46,35,US PRESIDENT,"BUSH, GEORGE H.W.",REPUBLICAN,False,343678,737546,20210113,,REPUBLICAN,1.0,216864.0,126814.0,0.1719404620186402
954,3191,2012,LOUISIANA,LA,22,72,45,US PRESIDENT,"ROMNEY, MITT",REPUBLICAN,False,1152262,1994065,20210113,,REPUBLICAN,1.0,809141.0,343121.0,0.17207112105172098
854,2866,2008,MAINE,ME,23,11,2,US PRESIDENT,"OBAMA, BARACK H.",DEMOCRAT,False,421923,731163,20210113,,DEMOCRAT,1.0,295273.0,126650.0,0.17321718960067728
930,3121,2012,CONNECTICUT,CT,9,16,1,US PRESIDENT,"OBAMA, BARACK H.",DEMOCRAT,False,905083,1558204,20210113,,DEMOCRAT,1.0,634892.0,270191.0,0.17339899011939386
624,2086,2000,CONNECTICUT,CT,9,16,1,US PRESIDENT,"GORE, AL",DEMOCRAT,False,816015,1459525,20210113,,DEMOCRAT,1.0,561094.0,254921.0,0.17466024905363045
536,1773,1996,ILLINOIS,IL,17,33,21,US PRESIDENT,"CLINTON, BILL",DEMOCRAT,False,2341744,4311391,20210113,,DEMOCRAT,1.0,1587021.0,754723.0,0.1750532484759559
512,1680,1996,ALASKA,AK,2,94,81,US PRESIDENT,"DOLE, ROBERT",REPUBLICAN,False,122746,241620,20210113,,REPUBLICAN,1.0,80380.0,42366.0,0.17534144524459896
978,3266,2012,NEW JERSEY,NJ,34,22,12,US PRESIDENT,"OBAMA, BARACK H.",DEMOCRAT,False,2122786,3638499,20210113,,DEMOCRAT,1.0,1478088.0,644698.0,0.17718790083493222
414,1328,1992,ARKANSAS,AR,5,71,42,US PRESIDENT,"CLINTON, BILL",DEMOCRAT,False,505823,950653,20210113,,DEMOCRAT,1.0,337324.0,168499.0,0.17724553543722052
1068,3568,2016,MISSISSIPPI,MS,28,64,46,US PRESIDENT,"TRUMP, DONALD J.",REPUBLICAN,False,700714,1209357,20210113,,REPUBLICAN,1.0,485131.0,215583.0,0.1782624981705154
570,1895,1996,NEW JERSEY,NJ,34,22,12,US PRESIDENT,"CLINTON, BILL",DEMOCRAT,False,1652361,3075860,20210113,,DEMOCRAT,1.0,1103099.0,549262.0,0.17857184657299097
486,1587,1992,RHODE ISLAND,RI,44,15,5,US PRESIDENT,"CLINTON, BILL",DEMOCRAT,False,213299,453365,20210113,,DEMOCRAT,1.0,131601.0,81698.0,0.1802035887199056
1000,3336,2012,SOUTH DAKOTA,SD,46,45,37,US PRESIDENT,"ROMNEY, MITT",REPUBLICAN,False,210610,363815,20210113,,REPUBLICAN,1.0,145039.0,65571.0,0.1802317111718868
1108,3689,2016,UTAH,UT,49,87,67,US PRESIDENT,"TRUMP, DONALD J.",REPUBLICAN,False,515211,1131317,20210113,,REPUBLICAN,1.0,310674.0,204537.0,0.18079547995831408
522,1729,1996,CONNECTICUT,CT,9,16,1,US PRESIDENT,"CLINTON, BILL",DEMOCRAT,False,735740,1392614,20210113,,DEMOCRAT,1.0,483109.0,252631.0,0.18140776984864435
164,550,1980,NEW MEXICO,NM,35,85,66,US PRESIDENT,"REAGAN, RONALD",REPUBLICAN,False,250779,456237,20210113,,REPUBLICAN,1.0,167826.0,82953.0,0.18181997514449727
542,1794,1996,KANSAS,KS,20,47,32,US PRESIDENT,"DOLE, ROBERT",REPUBLICAN,False,583245,1074300,20210113,,REPUBLICAN,1.0,387659.0,195586.0,0.18205901517267056
634,2121,2000,HAWAII,HI,15,95,82,US PRESIDENT,"GORE, AL",DEMOCRAT,False,205286,367951,20210113,,DEMOCRAT,1.0,137845.0,67441.0,0.18328799215112881
130,426,1980,INDIANA,IN,18,32,22,US PRESIDENT,"REAGAN, RONALD",REPUBLICAN,False,1255656,2242033,20210113,,REPUBLICAN,1.0,844197.0,411459.0,0.1835204923388728
472,1544,1992,NEW YORK,NY,36,21,13,US PRESIDENT,"CLINTON, BILL",DEMOCRAT,False,3346894,7079432,20210113,,DEMOCRAT,1.0,2041690.0,1305204.0,0.18436563837324801
778,2615,2004,NEW YORK,NY,36,21,13,US PRESIDENT,"KERRY, JOHN",DEMOCRAT,False,4180755,7448266,20210113,,DEMOCRAT,1.0,2806993.0,1373762.0,0.18444051273141965
450,1455,1992,MASSACHUSETTS,MA,25,14,3,US PRESIDENT,"CLINTON, BILL",DEMOCRAT,False,1318639,2773664,20210113,,DEMOCRAT,1.0,805039.0,513600.0,0.1851702297033815
534,1767,1996,IDAHO,ID,16,82,63,US PRESIDENT,"DOLE, ROBERT",REPUBLICAN,False,256595,491711,20210113,,REPUBLICAN,1.0,165443.0,91152.0,0.18537718293875874
1158,3970,2020,LOUISIANA,LA,22,72,45,US PRESIDENT,"TRUMP, DONALD J.",REPUBLICAN,False,1255776,2148062,20210113,,REPUBLICAN,1.0,856034.0,399742.0,0.18609425612482322
932,3126,2012,DELAWARE,DE,10,51,11,US PRESIDENT,"OBAMA, BARACK H.",DEMOCRAT,False,242584,413890,20210113,,DEMOCRAT,1.0,165484.0,77100.0,0.18628137911039164
852,2857,2008,LOUISIANA,LA,22,72,45,US PRESIDENT,"MCCAIN, JOHN",REPUBLICAN,False,1148275,1960761,20210113,,REPUBLICAN,1.0,782989.0,365286.0,0.18629807508411275
1070,3575,2016,MISSOURI,MO,29,43,34,US PRESIDENT,"TRUMP, DONALD J.",REPUBLICAN,False,1594511,2808605,20210113,,REPUBLICAN,1.0,1071068.0,523443.0,0.18637117002924938
274,917,1984,OHIO,OH,39,31,24,US PRESIDENT,"REAGAN, RONALD",REPUBLICAN,False,2678559,4563235,20210113,,REPUBLICAN,1.0,1825440.0,853119.0,0.18695486864033958
564,1876,1996,NEBRASKA,NE,31,46,35,US PRESIDENT,"DOLE, ROBERT",REPUBLICAN,False,363467,677415,20210113,,REPUBLICAN,1.0,236761.0,126706.0,0.18704339289800195
762,2569,2004,MISSISSIPPI,MS,28,64,46,US PRESIDENT,"BUSH, GEORGE W.",REPUBLICAN,False,672660,1139824,20210113,,REPUBLICAN,1.0,457766.0,214894.0,0.18853261556170076
1136,3838,2020,DELAWARE,DE,10,51,11,US PRESIDENT,"BIDEN, JOSEPH R. JR",DEMOCRAT,False,296268,504346,20210113,,DEMOCRAT,1.0,200603.0,95665.0,0.18968129022536115
248,829,1984,MICHIGAN,MI,26,34,23,US PRESIDENT,"REAGAN, RONALD",REPUBLICAN,False,2251571,3801658,20210113,,REPUBLICAN,1.0,1529638.0,721933.0,0.18989951226543786
1176,4067,2020,NEBRASKA,NE,31,46,35,US PRESIDENT,"TRUMP, DONALD J.",REPUBLICAN,False,556846,956383,20210113,,REPUBLICAN,1.0,374583.0,182263.0,0.19057532390266244
1048,3495,2016,INDIANA,IN,18,32,22,US PRESIDENT,"TRUMP, DONALD J.",REPUBLICAN,False,1557286,2734958,20210113,,REPUBLICAN,1.0,1033126.0,524160.0,0.19165193761659227
1216,4256,2020,WASHINGTON,WA,53,91,73,US PRESIDENT,"BIDEN, JOSEPH R. JR",DEMOCRAT,False,2369612,4087631,20210113,,DEMOCRAT,1.0,1584651.0,784961.0,0.19203323391959792
306,1019,1988,ALABAMA,AL,1,63,41,US PRESIDENT,"BUSH, GEORGE H.W.",REPUBLICAN,False,815576,1378476,20210113,,REPUBLICAN,1.0,549506.0,266070.0,0.19301750628955455
100,329,1976,WYOMING,WY,56,83,68,US PRESIDENT,"FORD, GERALD",REPUBLICAN,False,92717,156343,20210113,,REPUBLICAN,1.0,62239.0,30478.0,0.19494316982531998
986,3296,2012,NORTH DAKOTA,ND,38,44,36,US PRESIDENT,"ROMNEY, MITT",REPUBLICAN,False,188320,322932,20210113,,REPUBLICAN,1.0,124966.0,63354.0,0.19618371669577497
1056,3524,2016,LOUISIANA,LA,22,72,45,US PRESIDENT,"TRUMP, DONALD J.",REPUBLICAN,False,1178638,2029032,20210113,,REPUBLICAN,1.0,780154.0,398484.0,0.19639118555054824
218,739,1984,DELAWARE,DE,10,51,11,US PRESIDENT,"REAGAN, RONALD",REPUBLICAN,False,152190,254572,20210113,,REPUBLICAN,1.0,101656.0,50534.0,0.19850572725987148
822,2744,2008,ARKANSAS,AR,5,71,42,US PRESIDENT,"MCCAIN, JOHN",REPUBLICAN,False,638017,1086617,20210113,,REPUBLICAN,1.0,422310.0,215707.0,0.19851244734805365
748,2515,2004,KENTUCKY,KY,21,61,51,US PRESIDENT,"BUSH, GEORGE W.",REPUBLICAN,False,1069439,1795882,20210113,,REPUBLICAN,1.0,712733.0,356706.0,0.19862440850790866
254,859,1984,MISSOURI,MO,29,43,34,US PRESIDENT,"REAGAN, RONALD",REPUBLICAN,False,1274188,2122771,20210113,,REPUBLICAN,1.0,848583.0,425605.0,0.2004950133575407
1134,3807,2020,CONNECTICUT,CT,9,16,1,US PRESIDENT,"BIDEN, JOSEPH R. JR",DEMOCRAT,False,1080831,1823857,20210113,,DEMOCRAT,1.0,714717.0,366114.0,0.20073613227352802
804,2690,2004,VERMONT,VT,50,13,6,US PRESIDENT,"KERRY, JOHN",DEMOCRAT,False,184067,312309,20210113,,DEMOCRAT,1.0,121180.0,62887.0,0.20136147213176694
334,1094,1988,INDIANA,IN,18,32,22,US PRESIDENT,"BUSH, GEORGE H.W.",REPUBLICAN,False,1297763,2168621,20210113,,REPUBLICAN,1.0,860643.0,437120.0,0.2015658798840369
326,1075,1988,GEORGIA,GA,13,58,44,US PRESIDENT,"BUSH, GEORGE H.W.",REPUBLICAN,False,1081331,1809672,20210113,,REPUBLICAN,1.0,714792.0,366539.0,0.20254443899225938
224,757,1984,GEORGIA,GA,13,58,44,US PRESIDENT,"REAGAN, RONALD",REPUBLICAN,False,1068722,1776103,20210113,,REPUBLICAN,1.0,706628.0,362094.0,0.2038699332189631
1002,3340,2012,TENNESSEE,TN,47,62,54,US PRESIDENT,"ROMNEY, MITT",REPUBLICAN,False,1462330,2458577,20210113,,REPUBLICAN,1.0,960709.0,501621.0,0.20402899726142398
266,886,1984,NEW MEXICO,NM,35,85,66,US PRESIDENT,"REAGAN, RONALD",REPUBLICAN,False,307101,514370,20210113,,REPUBLICAN,1.0,201769.0,105332.0,0.20477866127495772
1210,4222,2020,UTAH,UT,49,87,67,US PRESIDENT,"TRUMP, DONALD J.",REPUBLICAN,False,865140,1488289,20210113,,REPUBLICAN,1.0,560282.0,304858.0,0.20483790446613528
766,2581,2004,MONTANA,MT,30,81,64,US PRESIDENT,"BUSH, GEORGE W.",REPUBLICAN,False,266063,450434,20210113,,REPUBLICAN,1.0,173710.0,92353.0,0.20503114773751538
398,1282,1988,VIRGINIA,VA,51,54,40,US PRESIDENT,"BUSH, GEORGE H.W.",REPUBLICAN,False,1309162,2191609,20210113,,REPUBLICAN,1.0,859799.0,449363.0,0.2050379424432004
1072,3581,2016,MONTANA,MT,30,81,64,US PRESIDENT,"TRUMP, DONALD J.",REPUBLICAN,False,279240,494526,20210113,,REPUBLICAN,1.0,177709.0,101531.0,0.20530973093426838
1052,3512,2016,KANSAS,KS,20,47,32,US PRESIDENT,"TRUMP, DONALD J.",REPUBLICAN,False,671018,1184402,20210113,,REPUBLICAN,1.0,427005.0,244013.0,0.20602211073605076
238,797,1984,KENTUCKY,KY,21,61,51,US PRESIDENT,"REAGAN, RONALD",REPUBLICAN,False,821702,1369345,20210113,,REPUBLICAN,1.0,539539.0,282163.0,0.2060569104206756
742,2497,2004,INDIANA,IN,18,32,22,US PRESIDENT,"BUSH, GEORGE W.",REPUBLICAN,False,1479438,2468002,20210113,,REPUBLICAN,1.0,969011.0,510427.0,0.20681790371320607
792,2654,2004,RHODE ISLAND,RI,44,15,5,US PRESIDENT,"KERRY, JOHN",DEMOCRAT,False,259760,437134,20210113,,DEMOCRAT,1.0,169046.0,90714.0,0.20751989092589457
54,167,1976,NEBRASKA,NE,31,46,35,US PRESIDENT,"FORD, GERALD",REPUBLICAN,False,359219,606749,20210113,,REPUBLICAN,1.0,233293.0,125926.0,0.2075421632338908
644,2158,2000,KANSAS,KS,20,47,32,US PRESIDENT,"BUSH, GEORGE W.",REPUBLICAN,False,622332,1072216,20210113,,REPUBLICAN,1.0,399276.0,223056.0,0.20803270982712438
1200,4173,2020,RHODE ISLAND,RI,44,15,5,US PRESIDENT,"BIDEN, JOSEPH R. JR",DEMOCRAT,False,307486,516990,20210113,,DEMOCRAT,1.0,199922.0,107564.0,0.20805818294357725
354,1153,1988,MISSISSIPPI,MS,28,64,46,US PRESIDENT,"BUSH, GEORGE H.W.",REPUBLICAN,False,557890,931527,20210113,,REPUBLICAN,1.0,363921.0,193969.0,0.208226922032319
548,1815,1996,MAINE,ME,23,11,2,US PRESIDENT,"CLINTON, BILL",DEMOCRAT,False,312788,605897,20210113,,DEMOCRAT,1.0,186378.0,126410.0,0.20863282042987505
264,877,1984,NEW JERSEY,NJ,34,22,12,US PRESIDENT,"REAGAN, RONALD",REPUBLICAN,False,1933630,3217862,20210113,,REPUBLICAN,1.0,1261323.0,672307.0,0.20892971793072543
360,1164,1988,NEBRASKA,NE,31,46,35,US PRESIDENT,"BUSH, GEORGE H.W.",REPUBLICAN,False,397956,661465,20210113,,REPUBLICAN,1.0,259235.0,138721.0,0.2097178233164264
598,1987,1996,UTAH,UT,49,87,67,US PRESIDENT,"DOLE, ROBERT",REPUBLICAN,False,361911,665629,20210113,,REPUBLICAN,1.0,221633.0,140278.0,0.2107450246308379
310,1030,1988,ARIZONA,AZ,4,86,61,US PRESIDENT,"BUSH, GEORGE H.W.",REPUBLICAN,False,702541,1171873,20210113,,REPUBLICAN,1.0,454029.0,248512.0,0.21206393525578285
698,2347,2000,TEXAS,TX,48,74,49,US PRESIDENT,"BUSH, GEORGE W.",REPUBLICAN,False,3799639,6407637,20210113,,REPUBLICAN,1.0,2433746.0,1365893.0,0.2131664137653241
362,1168,1988,NEVADA,NV,32,88,65,US PRESIDENT,"BUSH, GEORGE H.W.",REPUBLICAN,False,206040,343133,20210113,,REPUBLICAN,1.0,132738.0,73302.0,0.21362562038626423
796,2669,2004,SOUTH DAKOTA,SD,46,45,37,US PRESIDENT,"BUSH, GEORGE W.",REPUBLICAN,False,232584,388215,20210113,,REPUBLICAN,1.0,149244.0,83340.0,0.21467485800394112
818,2732,2008,ALASKA,AK,2,94,81,US PRESIDENT,"MCCAIN, JOHN",REPUBLICAN,False,193841,326197,20210113,,REPUBLICAN,1.0,123594.0,70247.0,0.21535145939416978
816,2728,2008,ALABAMA,AL,1,63,41,US PRESIDENT,"MCCAIN, JOHN",REPUBLICAN,False,1266546,2099819,20210113,,REPUBLICAN,1.0,813479.0,453067.0,0.21576478734595697
950,3180,2012,KANSAS,KS,20,47,32,US PRESIDENT,"ROMNEY, MITT",REPUBLICAN,False,692634,1159971,20210113,,REPUBLICAN,1.0,440726.0,251908.0,0.21716749815297107
972,3250,2012,NEBRASKA,NE,31,46,35,US PRESIDENT,"ROMNEY, MITT",REPUBLICAN,False,475064,794379,20210113,,REPUBLICAN,1.0,302081.0,172983.0,0.21775877761119064
684,2302,2000,OKLAHOMA,OK,40,73,53,US PRESIDENT,"BUSH, GEORGE W.",REPUBLICAN,False,744337,1234229,20210113,,REPUBLICAN,1.0,474276.0,270061.0,0.21880947538908907
216,734,1984,CONNECTICUT,CT,9,16,1,US PRESIDENT,"REAGAN, RONALD",REPUBLICAN,False,890877,1466900,20210113,,REPUBLICAN,1.0,569597.0,321280.0,0.21901970141113913
242,814,1984,MAINE,ME,23,11,2,US PRESIDENT,"REAGAN, RONALD",REPUBLICAN,False,336500,553144,20210113,,REPUBLICAN,1.0,214515.0,121985.0,0.22053027783000448
210,711,1984,ARKANSAS,AR,5,71,42,US PRESIDENT,"REAGAN, RONALD",REPUBLICAN,False,534774,884406,20210113,,REPUBLICAN,1.0,338646.0,196128.0,0.22176240324014085
918,3079,2012,ALABAMA,AL,1,63,41,US PRESIDENT,"ROMNEY, MITT",REPUBLICAN,False,1255925,2074338,20210113,,REPUBLICAN,1.0,795696.0,460229.0,0.22186789231070347
2,7,1976,ALASKA,AK,2,94,81,US PRESIDENT,"FORD, GERALD",REPUBLICAN,False,71555,123574,20210113,,REPUBLICAN,1.0,44058.0,27497.0,0.22251444478612006
204,696,1984,ALABAMA,AL,1,63,41,US PRESIDENT,"REAGAN, RONALD",REPUBLICAN,False,872849,1441713,20210113,,REPUBLICAN,1.0,551899.0,320950.0,0.2226171228254167
600,2000,1996,VERMONT,VT,50,13,6,US PRESIDENT,"CLINTON, BILL",DEMOCRAT,False,137894,258449,20210113,,DEMOCRAT,1.0,80352.0,57542.0,0.22264353895739586
256,861,1984,MONTANA,MT,30,81,64,US PRESIDENT,"REAGAN, RONALD",REPUBLICAN,False,232450,384377,20210113,,REPUBLICAN,1.0,146742.0,85708.0,0.22297900238567864
324,1070,1988,FLORIDA,FL,12,59,43,US PRESIDENT,"BUSH, GEORGE H.W.",REPUBLICAN,False,2618885,4302313,20210113,,REPUBLICAN,1.0,1656701.0,962184.0,0.22364342157346526
828,2774,2008,CONNECTICUT,CT,9,16,1,US PRESIDENT,"OBAMA, BARACK H.",DEMOCRAT,False,997772,1646792,20210113,,DEMOCRAT,1.0,629428.0,368344.0,0.22367366370494876
406,1300,1988,WYOMING,WY,56,83,68,US PRESIDENT,"BUSH, GEORGE H.W.",REPUBLICAN,False,106867,176551,20210113,,REPUBLICAN,1.0,67113.0,39754.0,0.22517006417409133
240,806,1984,LOUISIANA,LA,22,72,45,US PRESIDENT,"REAGAN, RONALD",REPUBLICAN,False,1037299,1706822,20210113,,REPUBLICAN,1.0,651586.0,385713.0,0.2259831429405058
952,3185,2012,KENTUCKY,KY,21,61,51,US PRESIDENT,"ROMNEY, MITT",REPUBLICAN,False,1087190,1797212,20210113,,REPUBLICAN,1.0,679370.0,407820.0,0.22691813764875818
694,2338,2000,SOUTH DAKOTA,SD,46,45,37,US PRESIDENT,"BUSH, GEORGE W.",REPUBLICAN,False,190700,316269,20210113,,REPUBLICAN,1.0,118804.0,71896.0,0.22732547293601332
24,65,1976,IDAHO,ID,16,82,63,US PRESIDENT,"FORD, GERALD",REPUBLICAN,False,204151,340932,20210113,,REPUBLICAN,1.0,126549.0,77602.0,0.22761723745497636
800,2678,2004,TEXAS,TX,48,74,49,US PRESIDENT,"BUSH, GEORGE W.",REPUBLICAN,False,4526917,7410749,20210113,,REPUBLICAN,1.0,2832704.0,1694213.0,0.22861562306320185
1186,4113,2020,NEW YORK,NY,36,21,13,US PRESIDENT,"BIDEN, JOSEPH R. JR",DEMOCRAT,False,5230985,8661735,20210113,,DEMOCRAT,1.0,3244798.0,1986187.0,0.22930590695743983
960,3213,2012,MASSACHUSETTS,MA,25,14,3,US PRESIDENT,"OBAMA, BARACK H.",DEMOCRAT,False,1921290,3184196,20210113,,DEMOCRAT,1.0,1188314.0,732976.0,0.2301918600488161
926,3098,2012,CALIFORNIA,CA,6,93,71,US PRESIDENT,"OBAMA, BARACK H.",DEMOCRAT,False,7854285,13038547,20210113,,DEMOCRAT,1.0,4839958.0,3014327.0,0.23118580620984838
1206,4188,2020,TENNESSEE,TN,47,62,54,US PRESIDENT,"TRUMP, DONALD J.",REPUBLICAN,False,1852475,3053851,20210113,,REPUBLICAN,1.0,1143711.0,708764.0,0.23208859895260117
308,1024,1988,ALASKA,AK,2,94,81,US PRESIDENT,"BUSH, GEORGE H.W.",REPUBLICAN,False,119251,200116,20210113,,REPUBLICAN,1.0,72584.0,46667.0,0.23319974414839392
924,3093,2012,ARKANSAS,AR,5,71,42,US PRESIDENT,"ROMNEY, MITT",REPUBLICAN,False,647744,1069468,20210113,,REPUBLICAN,1.0,394409.0,253335.0,0.23687945782389
1084,3621,2016,NEW YORK,NY,36,21,13,US PRESIDENT,"CLINTON, HILLARY",DEMOCRAT,False,4379789,7802084,20210113,,DEMOCRAT,1.0,2527142.0,1852647.0,0.23745540294106035
386,1247,1988,SOUTH CAROLINA,SC,45,57,48,US PRESIDENT,"BUSH, GEORGE H.W.",REPUBLICAN,False,606443,986009,20210113,,REPUBLICAN,1.0,370554.0,235889.0,0.23923615301685888
232,778,1984,INDIANA,IN,18,32,22,US PRESIDENT,"REAGAN, RONALD",REPUBLICAN,False,1377230,2233069,20210113,,REPUBLICAN,1.0,841481.0,535749.0,0.23991600796930143
112,369,1980,COLORADO,CO,8,84,62,US PRESIDENT,"REAGAN, RONALD",REPUBLICAN,False,652264,1184450,20210113,,REPUBLICAN,1.0,368009.0,284255.0,0.239989024441724
270,903,1984,NORTH CAROLINA,NC,37,56,47,US PRESIDENT,"REAGAN, RONALD",REPUBLICAN,False,1346481,2175361,20210113,,REPUBLICAN,1.0,824287.0,522194.0,0.24004935272812192
824,2751,2008,CALIFORNIA,CA,6,93,71,US PRESIDENT,"OBAMA, BARACK H.",DEMOCRAT,False,8274473,13561900,20210113,,DEMOCRAT,1.0,5011781.0,3262692.0,0.24057779514669772
676,2273,2000,NEW YORK,NY,36,21,13,US PRESIDENT,"GORE, AL",DEMOCRAT,False,3942215,6960215,20210113,,DEMOCRAT,1.0,2258577.0,1683638.0,0.2418945391773099
154,516,1980,MONTANA,MT,30,81,64,US PRESIDENT,"REAGAN, RONALD",REPUBLICAN,False,206814,363952,20210113,,REPUBLICAN,1.0,118032.0,88782.0,0.24393876115531718
252,851,1984,MISSISSIPPI,MS,28,64,46,US PRESIDENT,"REAGAN, RONALD",REPUBLICAN,False,582377,941104,20210113,,REPUBLICAN,1.0,352192.0,230185.0,0.24459039596048895
134,445,1980,KANSAS,KS,20,47,32,US PRESIDENT,"REAGAN, RONALD",REPUBLICAN,False,566812,979795,20210113,,REPUBLICAN,1.0,326150.0,240662.0,0.2456248500961936
830,2778,2008,DELAWARE,DE,10,51,11,US PRESIDENT,"OBAMA, BARACK H.",DEMOCRAT,False,255459,412412,20210113,,DEMOCRAT,1.0,152374.0,103085.0,0.24995635432528637
756,2545,2004,MASSACHUSETTS,MA,25,14,3,US PRESIDENT,"KERRY, JOHN",DEMOCRAT,False,1803800,2927455,20210113,,DEMOCRAT,1.0,1071109.0,732691.0,0.2502825833360376
1074,3586,2016,NEBRASKA,NE,31,46,35,US PRESIDENT,"TRUMP, DONALD J.",REPUBLICAN,False,495961,844227,20210113,,REPUBLICAN,1.0,284494.0,211467.0,0.2504859474999023
664,2233,2000,MONTANA,MT,30,81,64,US PRESIDENT,"BUSH, GEORGE W.",REPUBLICAN,False,240178,410986,20210113,,REPUBLICAN,1.0,137126.0,103052.0,0.25074333432282364
842,2823,2008,ILLINOIS,IL,17,33,21,US PRESIDENT,"OBAMA, BARACK H.",DEMOCRAT,False,3419348,5522371,20210113,,DEMOCRAT,1.0,2031179.0,1388169.0,0.2513719197786603
296,987,1984,VIRGINIA,VA,51,54,40,US PRESIDENT,"REAGAN, RONALD",REPUBLICAN,False,1337078,2146635,20210113,,REPUBLICAN,1.0,796250.0,540828.0,0.2519422258558162
532,1760,1996,HAWAII,HI,15,95,82,US PRESIDENT,"CLINTON, BILL",DEMOCRAT,False,205012,360120,20210113,,DEMOCRAT,1.0,113943.0,91069.0,0.25288514939464624
746,2509,2004,KANSAS,KS,20,47,32,US PRESIDENT,"BUSH, GEORGE W.",REPUBLICAN,False,736456,1187756,20210113,,REPUBLICAN,1.0,434993.0,301463.0,0.2538088630998286
840,2817,2008,IDAHO,ID,16,82,63,US PRESIDENT,"MCCAIN, JOHN",REPUBLICAN,False,403012,655122,20210113,,REPUBLICAN,1.0,236440.0,166572.0,0.2542610384020076
856,2871,2008,MARYLAND,MD,24,52,52,US PRESIDENT,"OBAMA, BARACK H.",DEMOCRAT,False,1629467,2631596,20210113,,DEMOCRAT,1.0,959862.0,669605.0,0.2544482511753324
1122,3741,2020,ALABAMA,AL,1,63,41,US PRESIDENT,"TRUMP, DONALD J.",REPUBLICAN,False,1441170,2323282,20210113,,REPUBLICAN,1.0,849624.0,591546.0,0.2546165295474247
174,593,1980,OKLAHOMA,OK,40,73,53,US PRESIDENT,"REAGAN, RONALD",REPUBLICAN,False,695570,1149708,20210113,,REPUBLICAN,1.0,402026.0,293544.0,0.25532048137440116
716,2415,2004,ALASKA,AK,2,94,81,US PRESIDENT,"BUSH, GEORGE W.",REPUBLICAN,False,190889,312598,20210113,,REPUBLICAN,1.0,111025.0,79864.0,0.25548468000435065
714,2411,2004,ALABAMA,AL,1,63,41,US PRESIDENT,"BUSH, GEORGE W.",REPUBLICAN,False,1176394,1883415,20210113,,REPUBLICAN,1.0,693933.0,482461.0,0.25616287435323604
858,2878,2008,MASSACHUSETTS,MA,25,14,3,US PRESIDENT,"OBAMA, BARACK H.",DEMOCRAT,False,1904097,3102995,20210113,,DEMOCRAT,1.0,1108854.0,795243.0,0.2562823981347053
1156,3953,2020,KENTUCKY,KY,21,61,51,US PRESIDENT,"TRUMP, DONALD J.",REPUBLICAN,False,1326646,2136768,20210113,,REPUBLICAN,1.0,772474.0,554172.0,0.259350570581364
1110,3695,2016,VERMONT,VT,50,13,6,US PRESIDENT,"CLINTON, HILLARY",DEMOCRAT,False,178573,320467,20210113,,DEMOCRAT,1.0,95369.0,83204.0,0.25963359721905843
1104,3680,2016,TENNESSEE,TN,47,62,54,US PRESIDENT,"TRUMP, DONALD J.",REPUBLICAN,False,1522925,2508027,20210113,,REPUBLICAN,1.0,870695.0,652230.0,0.2600570089556452
330,1085,1988,IDAHO,ID,16,82,63,US PRESIDENT,"BUSH, GEORGE H.W.",REPUBLICAN,False,253881,408968,20210113,,REPUBLICAN,1.0,147272.0,106609.0,0.26067809706382894
958,3208,2012,MARYLAND,MD,24,52,52,US PRESIDENT,"OBAMA, BARACK H.",DEMOCRAT,False,1677844,2707327,20210113,,DEMOCRAT,1.0,971869.0,705975.0,0.26076458440373107
364,1172,1988,NEW HAMPSHIRE,NH,33,12,4,US PRESIDENT,"BUSH, GEORGE H.W.",REPUBLICAN,False,281537,450525,20210113,,REPUBLICAN,1.0,163696.0,117841.0,0.261563731202486
1204,4185,2020,SOUTH DAKOTA,SD,46,45,37,US PRESIDENT,"TRUMP, DONALD J.",REPUBLICAN,False,261043,422609,20210113,,REPUBLICAN,1.0,150471.0,110572.0,0.26164137536114945
1060,3535,2016,MARYLAND,MD,24,52,52,US PRESIDENT,"CLINTON, HILLARY",DEMOCRAT,False,1677928,2781446,20210113,,DEMOCRAT,1.0,943169.0,734759.0,0.26416439506645106
286,952,1984,SOUTH DAKOTA,SD,46,45,37,US PRESIDENT,"REAGAN, RONALD",REPUBLICAN,False,200267,317867,20210113,,REPUBLICAN,1.0,116113.0,84154.0,0.26474594720433386
1014,3378,2012,WEST VIRGINIA,WV,54,55,56,US PRESIDENT,"ROMNEY, MITT",REPUBLICAN,False,417655,670438,20210113,,REPUBLICAN,1.0,238269.0,179386.0,0.2675653826304595
1062,3544,2016,MASSACHUSETTS,MA,25,14,3,US PRESIDENT,"CLINTON, HILLARY",DEMOCRAT,False,1995196,3378821,20210113,,DEMOCRAT,1.0,1090893.0,904303.0,0.2676386230581614
1026,3417,2016,ARKANSAS,AR,5,71,42,US PRESIDENT,"TRUMP, DONALD J.",REPUBLICAN,False,684872,1130635,20210113,,REPUBLICAN,1.0,380494.0,304378.0,0.2692097803446736
654,2195,2000,MASSACHUSETTS,MA,25,14,3,US PRESIDENT,"GORE, AL",DEMOCRAT,False,1616487,2733964,20210113,,DEMOCRAT,1.0,878502.0,737985.0,0.2699322302707717
782,2629,2004,NORTH DAKOTA,ND,38,44,36,US PRESIDENT,"BUSH, GEORGE W.",REPUBLICAN,False,196651,312833,20210113,,REPUBLICAN,1.0,111052.0,85599.0,0.2736252249602823
996,3323,2012,RHODE ISLAND,RI,44,15,5,US PRESIDENT,"OBAMA, BARACK H.",DEMOCRAT,False,279677,446049,20210113,,DEMOCRAT,1.0,157204.0,122473.0,0.27457297292449934
290,966,1984,TEXAS,TX,48,74,49,US PRESIDENT,"REAGAN, RONALD",REPUBLICAN,False,3433428,5397571,20210113,,REPUBLICAN,1.0,1949276.0,1484152.0,0.274966647034379
680,2292,2000,NORTH DAKOTA,ND,38,44,36,US PRESIDENT,"BUSH, GEORGE W.",REPUBLICAN,False,174852,288256,20210113,,REPUBLICAN,1.0,95284.0,79568.0,0.27603241563055064
1128,3771,2020,ARKANSAS,AR,5,71,42,US PRESIDENT,"TRUMP, DONALD J.",REPUBLICAN,False,760647,1219069,20210113,,REPUBLICAN,1.0,423932.0,336715.0,0.27620667903129353
1020,3395,2016,ALABAMA,AL,1,63,41,US PRESIDENT,"TRUMP, DONALD J.",REPUBLICAN,False,1318255,2123372,20210113,,REPUBLICAN,1.0,729547.0,588708.0,0.27725146606435425
894,2998,2008,RHODE ISLAND,RI,44,15,5,US PRESIDENT,"OBAMA, BARACK H.",DEMOCRAT,False,296571,471766,20210113,,DEMOCRAT,1.0,165391.0,131180.0,0.2780615813772082
104,342,1980,ALASKA,AK,2,94,81,US PRESIDENT,"REAGAN, RONALD",REPUBLICAN,False,86112,158445,20210113,,REPUBLICAN,1.0,41842.0,44270.0,0.2794029473949951
284,947,1984,SOUTH CAROLINA,SC,45,57,48,US PRESIDENT,"REAGAN, RONALD",REPUBLICAN,False,615539,968529,20210113,,REPUBLICAN,1.0,344459.0,271080.0,0.27988836679128865
904,3025,2008,UTAH,UT,49,87,67,US PRESIDENT,"MCCAIN, JOHN",REPUBLICAN,False,596030,952370,20210113,,REPUBLICAN,1.0,327670.0,268360.0,0.28178124048426556
214,726,1984,COLORADO,CO,8,84,62,US PRESIDENT,"REAGAN, RONALD",REPUBLICAN,False,821817,1295380,20210113,,REPUBLICAN,1.0,454975.0,366842.0,0.2831925766956414
88,287,1976,UTAH,UT,49,87,67,US PRESIDENT,"FORD, GERALD",REPUBLICAN,False,337908,541218,20210113,,REPUBLICAN,1.0,182110.0,155798.0,0.2878655181461075
184,623,1980,SOUTH DAKOTA,SD,46,45,37,US PRESIDENT,"REAGAN, RONALD",REPUBLICAN,False,198343,327703,20210113,,REPUBLICAN,1.0,103855.0,94488.0,0.28833425388232636
880,2953,2008,NEW YORK,NY,36,21,13,US PRESIDENT,"OBAMA, BARACK H.",DEMOCRAT,False,4645332,7722019,20210113,,DEMOCRAT,1.0,2418323.0,2227009.0,0.2883972442958247
666,2240,2000,NEBRASKA,NE,31,46,35,US PRESIDENT,"BUSH, GEORGE W.",REPUBLICAN,False,433862,697019,20210113,,REPUBLICAN,1.0,231780.0,202082.0,0.2899232302132367
690,2320,2000,RHODE ISLAND,RI,44,15,5,US PRESIDENT,"GORE, AL",DEMOCRAT,False,249508,409112,20210113,,DEMOCRAT,1.0,130555.0,118953.0,0.2907590097577192
1130,3773,2020,CALIFORNIA,CA,6,93,71,US PRESIDENT,"BIDEN, JOSEPH R. JR",DEMOCRAT,False,11110250,17500881,20210113,,DEMOCRAT,1.0,6006429.0,5103821.0,0.29163223268588595
1144,3881,2020,HAWAII,HI,15,95,82,US PRESIDENT,"BIDEN, JOSEPH R. JR",DEMOCRAT,False,366130,579784,20210113,,DEMOCRAT,1.0,196864.0,169266.0,0.2919466559960261
160,528,1980,NEW HAMPSHIRE,NH,33,12,4,US PRESIDENT,"REAGAN, RONALD",REPUBLICAN,False,221705,383990,20210113,,REPUBLICAN,1.0,108864.0,112841.0,0.2938644235526967
982,3282,2012,NEW YORK,NY,36,21,13,US PRESIDENT,"OBAMA, BARACK H.",DEMOCRAT,False,4324228,7116784,20210113,,DEMOCRAT,1.0,2223397.0,2100831.0,0.2951938684664309
574,1905,1996,NEW YORK,NY,36,21,13,US PRESIDENT,"CLINTON, BILL",DEMOCRAT,False,3649630,6439129,20210113,,DEMOCRAT,1.0,1738707.0,1910923.0,0.2967673112310687
1102,3676,2016,SOUTH DAKOTA,SD,46,45,37,US PRESIDENT,"TRUMP, DONALD J.",REPUBLICAN,False,227721,370093,20210113,,REPUBLICAN,1.0,117458.0,110263.0,0.29793322219009816
1054,3517,2016,KENTUCKY,KY,21,61,51,US PRESIDENT,"TRUMP, DONALD J.",REPUBLICAN,False,1202971,1924149,20210113,,REPUBLICAN,1.0,628854.0,574117.0,0.29837450218252326
6,19,1976,ARKANSAS,AR,5,71,42,US PRESIDENT,"CARTER, JIMMY",DEMOCRAT,False,498604,767535,20210113,,DEMOCRAT,1.0,267903.0,230701.0,0.3005739151960497
1028,3425,2016,CALIFORNIA,CA,6,93,71,US PRESIDENT,"CLINTON, HILLARY",DEMOCRAT,False,8753788,14181595,20210113,,DEMOCRAT,1.0,4483810.0,4269978.0,0.3010929306611844
222,754,1984,FLORIDA,FL,12,59,43,US PRESIDENT,"REAGAN, RONALD",REPUBLICAN,False,2730350,4180051,20210113,,REPUBLICAN,1.0,1448816.0,1281534.0,0.3065833407295748
1146,3890,2020,IDAHO,ID,16,82,63,US PRESIDENT,"TRUMP, DONALD J.",REPUBLICAN,False,554119,868014,20210113,,REPUBLICAN,1.0,287021.0,267098.0,0.3077116267709968
614,2047,2000,ALASKA,AK,2,94,81,US PRESIDENT,"BUSH, GEORGE W.",REPUBLICAN,False,167398,285560,20210113,,REPUBLICAN,1.0,79004.0,88394.0,0.3095461549236588
272,907,1984,NORTH DAKOTA,ND,38,44,36,US PRESIDENT,"REAGAN, RONALD",REPUBLICAN,False,200336,308971,20210113,,REPUBLICAN,1.0,104429.0,95907.0,0.31040777289778004
786,2639,2004,OKLAHOMA,OK,40,73,53,US PRESIDENT,"BUSH, GEORGE W.",REPUBLICAN,False,959792,1463758,20210113,,REPUBLICAN,1.0,503966.0,455826.0,0.3114080332951212
888,2983,2008,OKLAHOMA,OK,40,73,53,US PRESIDENT,"MCCAIN, JOHN",REPUBLICAN,False,960165,1462661,20210113,,REPUBLICAN,1.0,502496.0,457669.0,0.31290162245387004
1042,3478,2016,HAWAII,HI,15,95,82,US PRESIDENT,"CLINTON, HILLARY",DEMOCRAT,False,266891,437664,20210113,,DEMOCRAT,1.0,128847.0,138044.0,0.31541090882503475
1044,3485,2016,IDAHO,ID,16,82,63,US PRESIDENT,"TRUMP, DONALD J.",REPUBLICAN,False,409055,690255,20210113,,REPUBLICAN,1.0,189765.0,219290.0,0.31769418548217687
942,3157,2012,IDAHO,ID,16,82,63,US PRESIDENT,"ROMNEY, MITT",REPUBLICAN,False,420911,652274,20210113,,REPUBLICAN,1.0,212787.0,208124.0,0.3190744993668305
916,3073,2008,WYOMING,WY,56,83,68,US PRESIDENT,"MCCAIN, JOHN",REPUBLICAN,False,164958,254904,20210113,,REPUBLICAN,1.0,82868.0,82090.0,0.3220428082729184
106,347,1980,ARIZONA,AZ,4,86,61,US PRESIDENT,"REAGAN, RONALD",REPUBLICAN,False,529688,873945,20210113,,REPUBLICAN,1.0,246843.0,282845.0,0.3236416479297896
588,1958,1996,RHODE ISLAND,RI,44,15,5,US PRESIDENT,"CLINTON, BILL",DEMOCRAT,False,233050,390247,20210113,,DEMOCRAT,1.0,104683.0,128367.0,0.32893782655600173
1194,4158,2020,OKLAHOMA,OK,40,73,53,US PRESIDENT,"TRUMP, DONALD J.",REPUBLICAN,False,1020280,1560699,20210113,,REPUBLICAN,1.0,503890.0,516390.0,0.3308709751207632
1162,3989,2020,MARYLAND,MD,24,52,52,US PRESIDENT,"BIDEN, JOSEPH R. JR",DEMOCRAT,False,1985023,3037030,20210113,,DEMOCRAT,1.0,976414.0,1008609.0,0.3321037329232836
1164,4014,2020,MASSACHUSETTS,MA,25,14,3,US PRESIDENT,"BIDEN, JOSEPH R. JR",DEMOCRAT,False,2382202,3658005,20210113,,DEMOCRAT,1.0,1167202.0,1215000.0,0.33214826114234397
768,2587,2004,NEBRASKA,NE,31,46,35,US PRESIDENT,"BUSH, GEORGE W.",REPUBLICAN,False,512814,778186,20210113,,REPUBLICAN,1.0,254328.0,258486.0,0.33216480378726937
1190,4144,2020,NORTH DAKOTA,ND,38,44,36,US PRESIDENT,"TRUMP, DONALD J.",REPUBLICAN,False,235595,361819,20210113,,REPUBLICAN,1.0,114902.0,120693.0,0.33357286377995626
552,1830,1996,MASSACHUSETTS,MA,25,14,3,US PRESIDENT,"CLINTON, BILL",DEMOCRAT,False,1571509,2556459,20210113,,DEMOCRAT,1.0,718058.0,853451.0,0.33384106688196447
990,3310,2012,OKLAHOMA,OK,40,73,53,US PRESIDENT,"ROMNEY, MITT",REPUBLICAN,False,891325,1334872,20210113,,REPUBLICAN,1.0,443547.0,447778.0,0.3354463948603312
236,791,1984,KANSAS,KS,20,47,32,US PRESIDENT,"REAGAN, RONALD",REPUBLICAN,False,677296,1021991,20210113,,REPUBLICAN,1.0,333149.0,344147.0,0.3367417129896447
20,60,1976,GEORGIA,GA,13,58,44,US PRESIDENT,"CARTER, JIMMY",DEMOCRAT,False,979409,1463152,20210113,,DEMOCRAT,1.0,483743.0,495666.0,0.33876589718634836
208,707,1984,ARIZONA,AZ,4,86,61,US PRESIDENT,"REAGAN, RONALD",REPUBLICAN,False,681416,1025897,20210113,,REPUBLICAN,1.0,333854.0,347562.0,0.3387883968858472
394,1263,1988,UTAH,UT,49,87,67,US PRESIDENT,"BUSH, GEORGE H.W.",REPUBLICAN,False,428442,647008,20210113,,REPUBLICAN,1.0,207343.0,221099.0,0.3417252955141204
260,869,1984,NEVADA,NV,32,88,65,US PRESIDENT,"REAGAN, RONALD",REPUBLICAN,False,188770,282717,20210113,,REPUBLICAN,1.0,91655.0,97115.0,0.34350605021983116
202,692,1980,WYOMING,WY,56,83,68,US PRESIDENT,"REAGAN, RONALD",REPUBLICAN,False,110700,176713,20210113,,REPUBLICAN,1.0,49427.0,61273.0,0.34673736510613257
1212,4228,2020,VERMONT,VT,50,13,6,US PRESIDENT,"BIDEN, JOSEPH R. JR",DEMOCRAT,False,242820,370968,20210113,,DEMOCRAT,1.0,112704.0,130116.0,0.3507472342627936
1008,3358,2012,VERMONT,VT,50,13,6,US PRESIDENT,"OBAMA, BARACK H.",DEMOCRAT,False,199239,299290,20210113,,DEMOCRAT,1.0,92698.0,106541.0,0.35597915065655383
1088,3638,2016,NORTH DAKOTA,ND,38,44,36,US PRESIDENT,"TRUMP, DONALD J.",REPUBLICAN,False,216794,344360,20210113,,REPUBLICAN,1.0,93758.0,123036.0,0.3572888837263329
158,524,1980,NEVADA,NV,32,88,65,US PRESIDENT,"REAGAN, RONALD",REPUBLICAN,False,155017,243692,20210113,,REPUBLICAN,1.0,66666.0,88351.0,0.36255190978776486
1092,3650,2016,OKLAHOMA,OK,40,73,53,US PRESIDENT,"TRUMP, DONALD J.",REPUBLICAN,False,949136,1452992,20210113,,REPUBLICAN,1.0,420375.0,528761.0,0.3639118453508347
206,703,1984,ALASKA,AK,2,94,81,US PRESIDENT,"REAGAN, RONALD",REPUBLICAN,False,138377,207605,20210113,,REPUBLICAN,1.0,62007.0,76370.0,0.36786204571180847
906,3033,2008,VERMONT,VT,50,13,6,US PRESIDENT,"OBAMA, BARACK H.",DEMOCRAT,False,219262,325046,20210113,,DEMOCRAT,1.0,98974.0,120288.0,0.3700645447105948
262,872,1984,NEW HAMPSHIRE,NH,33,12,4,US PRESIDENT,"REAGAN, RONALD",REPUBLICAN,False,267050,388904,20210113,,REPUBLICAN,1.0,120347.0,146703.0,0.3772216279595993
276,926,1984,OKLAHOMA,OK,40,73,53,US PRESIDENT,"REAGAN, RONALD",REPUBLICAN,False,861530,1255676,20210113,,REPUBLICAN,1.0,385080.0,476450.0,0.3794370522332194
170,574,1980,NORTH DAKOTA,ND,38,44,36,US PRESIDENT,"REAGAN, RONALD",REPUBLICAN,False,193695,301116,20210113,,REPUBLICAN,1.0,79189.0,114506.0,0.38027205462346736
738,2488,2004,IDAHO,ID,16,82,63,US PRESIDENT,"BUSH, GEORGE W.",REPUBLICAN,False,409235,598376,20210113,,REPUBLICAN,1.0,181098.0,228137.0,0.3812602778186291
1218,4264,2020,WEST VIRGINIA,WV,54,55,56,US PRESIDENT,"TRUMP, DONALD J.",REPUBLICAN,False,545382,794652,20210113,,REPUBLICAN,1.0,235984.0,309398.0,0.38935030680096444
156,520,1980,NEBRASKA,NE,31,46,35,US PRESIDENT,"REAGAN, RONALD",REPUBLICAN,False,419214,639533,20210113,,REPUBLICAN,1.0,166424.0,252790.0,0.39527280062170367
636,2128,2000,IDAHO,ID,16,82,63,US PRESIDENT,"BUSH, GEORGE W.",REPUBLICAN,False,336937,501615,20210113,,REPUBLICAN,1.0,138637.0,198300.0,0.3953231063664364
814,2722,2004,WYOMING,WY,56,83,68,US PRESIDENT,"BUSH, GEORGE W.",REPUBLICAN,False,167629,243861,20210113,,REPUBLICAN,1.0,70776.0,96853.0,0.39716477829583247
700,2353,2000,UTAH,UT,49,87,67,US PRESIDENT,"BUSH, GEORGE W.",REPUBLICAN,False,515096,770754,20210113,,REPUBLICAN,1.0,203053.0,312043.0,0.4048542076979166
1018,3388,2012,WYOMING,WY,56,83,68,US PRESIDENT,"ROMNEY, MITT",REPUBLICAN,False,170962,250701,20210113,,REPUBLICAN,1.0,69286.0,101676.0,0.4055667907188244
712,2405,2000,WYOMING,WY,56,83,68,US PRESIDENT,"BUSH, GEORGE W.",REPUBLICAN,False,147947,213726,20210113,,REPUBLICAN,1.0,60481.0,87466.0,0.4092436109785426
126,412,1980,IDAHO,ID,16,82,63,US PRESIDENT,"REAGAN, RONALD",REPUBLICAN,False,290699,437431,20210113,,REPUBLICAN,1.0,110192.0,180507.0,0.4126525097672547
258,864,1984,NEBRASKA,NE,31,46,35,US PRESIDENT,"REAGAN, RONALD",REPUBLICAN,False,460054,652090,20210113,,REPUBLICAN,1.0,187866.0,272188.0,0.41740863991166866
1116,3718,2016,WEST VIRGINIA,WV,54,55,56,US PRESIDENT,"TRUMP, DONALD J.",REPUBLICAN,False,489371,713051,20210113,,REPUBLICAN,1.0,188794.0,300577.0,0.42153646793847843
304,1016,1984,WYOMING,WY,56,83,68,US PRESIDENT,"REAGAN, RONALD",REPUBLICAN,False,133241,188968,20210113,,REPUBLICAN,1.0,53370.0,79871.0,0.42266944667880274
940,3151,2012,HAWAII,HI,15,95,82,US PRESIDENT,"OBAMA, BARACK H.",DEMOCRAT,False,306658,437159,20210113,,DEMOCRAT,1.0,121015.0,185643.0,0.4246578476023598
1222,4281,2020,WYOMING,WY,56,83,68,US PRESIDENT,"TRUMP, DONALD J.",REPUBLICAN,False,193559,278503,20210113,,REPUBLICAN,1.0,73491.0,120068.0,0.4311192339041231
838,2809,2008,HAWAII,HI,15,95,82,US PRESIDENT,"OBAMA, BARACK H.",DEMOCRAT,False,325871,456064,20210113,,DEMOCRAT,1.0,120566.0,205305.0,0.45016708181307885
802,2682,2004,UTAH,UT,49,87,67,US PRESIDENT,"BUSH, GEORGE W.",REPUBLICAN,False,663742,927844,20210113,,REPUBLICAN,1.0,241199.0,422543.0,0.45540306344601034
1120,3732,2016,WYOMING,WY,56,83,68,US PRESIDENT,"TRUMP, DONALD J.",REPUBLICAN,False,174419,258788,20210113,,REPUBLICAN,1.0,55973.0,118446.0,0.4576951017821537
228,765,1984,IDAHO,ID,16,82,63,US PRESIDENT,"REAGAN, RONALD",REPUBLICAN,False,297523,411144,20210113,,REPUBLICAN,1.0,108510.0,189013.0,0.4597245733854805
1006,3350,2012,UTAH,UT,49,87,67,US PRESIDENT,"ROMNEY, MITT",REPUBLICAN,False,740600,1017440,20210113,,REPUBLICAN,1.0,251813.0,488787.0,0.4804086727472873
292,970,1984,UTAH,UT,49,87,67,US PRESIDENT,"REAGAN, RONALD",REPUBLICAN,False,469105,629656,20210113,,REPUBLICAN,1.0,155369.0,313736.0,0.4982657196945634
190,644,1980,UTAH,UT,49,87,67,US PRESIDENT,"REAGAN, RONALD",REPUBLICAN,False,439687,604152,20210113,,REPUBLICAN,1.0,124266.0,315421.0,0.5220888120870245
118,388,1980,DISTRICT OF COLUMBIA,DC,11,53,55,US PRESIDENT,"CARTER, JIMMY",DEMOCRAT,False,130231,173889,20210113,,DEMOCRAT,1.0,23313.0,106918.0,0.6148635048795495
16,50,1976,DISTRICT OF COLUMBIA,DC,11,53,55,US PRESIDENT,"CARTER, JIMMY",DEMOCRAT,False,137818,168830,20210113,,DEMOCRAT,1.0,27873.0,109945.0,0.6512172007344667
322,1061,1988,DISTRICT OF COLUMBIA,DC,11,53,55,US PRESIDENT,"DUKAKIS, MICHAEL",DEMOCRAT,False,159407,192877,20210113,,DEMOCRAT,1.0,27590.0,131817.0,0.683425188073228
220,745,1984,DISTRICT OF COLUMBIA,DC,11,53,55,US PRESIDENT,"MONDALE, WALTER",DEMOCRAT,False,180408,211288,20210113,,DEMOCRAT,1.0,29009.0,151399.0,0.7165527621066979
424,1358,1992,DISTRICT OF COLUMBIA,DC,11,53,55,US PRESIDENT,"CLINTON, BILL",DEMOCRAT,False,192619,227572,20210113,,DEMOCRAT,1.0,20698.0,171921.0,0.7554576134146556
526,1743,1996,DISTRICT OF COLUMBIA,DC,11,53,55,US PRESIDENT,"CLINTON, BILL",DEMOCRAT,False,158220,185726,20210113,,DEMOCRAT,1.0,17339.0,140881.0,0.7585421534949334
628,2100,2000,DISTRICT OF COLUMBIA,DC,11,53,55,US PRESIDENT,"GORE, AL",DEMOCRAT,False,171923,201894,20210113,,DEMOCRAT,1.0,18073.0,153850.0,0.7620335423539085
730,2465,2004,DISTRICT OF COLUMBIA,DC,11,53,55,US PRESIDENT,"KERRY, JOHN",DEMOCRAT,False,202970,227586,20210113,,DEMOCRAT,1.0,21256.0,181714.0,0.7984410288857838
934,3130,2012,DISTRICT OF COLUMBIA,DC,11,53,55,US PRESIDENT,"OBAMA, BARACK H.",DEMOCRAT,False,267070,293764,20210113,,DEMOCRAT,1.0,21381.0,245689.0,0.8363482251058673
832,2785,2008,DISTRICT OF COLUMBIA,DC,11,53,55,US PRESIDENT,"OBAMA, BARACK H.",DEMOCRAT,False,245800,265853,20210113,,DEMOCRAT,1.0,17367.0,228433.0,0.8592455229017539
1036,3460,2016,DISTRICT OF COLUMBIA,DC,11,53,55,US PRESIDENT,"CLINTON, HILLARY",DEMOCRAT,False,282830,312575,20210113,,DEMOCRAT,1.0,12723.0,270107.0,0.8641350075981764
1138,3842,2020,DISTRICT OF COLUMBIA,DC,11,53,55,US PRESIDENT,"BIDEN, JOSEPH R. JR",DEMOCRAT,True,317323,344356,20210113,,DEMOCRAT,1.0,18586.0,298737.0,0.8675237254469212
